Ticker,Name,Sector,Industry,Market Cap,Revenue (ttm),Net Income (ttm),EPS (ttm),Total Assets,Total Liabilities,Shareholder Equity,Cash,Operating Cash Flow,Free Cash Flow,Gross Margin,Operating Margin,Net Margin,PE Ratio
MMM,3M Company,Industrials,Conglomerates,82839945216.0,24601999360.0,3939000064.0,7.2,,,,4214000128.0,-1002000000.0,-3343749888.0,0.4111,0.17781,,21.601389
AOS,A.O. Smith Corporation,Industrials,Specialty Industrial Machinery,9989867520.0,3790200064.0,518600000.0,3.59,,,,177900000.0,596099968.0,412337504.0,0.38201,0.2035,,19.857939
ABT,Abbott Laboratories,Healthcare,Medical Devices,230889439232.0,43108999168.0,13927999488.0,7.97,,,,7281999872.0,9036999680.0,5919750144.0,0.56318,0.19726999,,16.644918
ABBV,AbbVie Inc.,Healthcare,Drug Manufacturers - General,371684212736.0,58327998464.0,3723000064.0,2.1,,,,6466999808.0,19282999296.0,20039749632.0,0.71245,0.37522,,100.190475
ACN,Accenture plc,Technology,Information Technology Services,161923088384.0,68482535424.0,7948770816.0,12.58,,,,9637395456.0,10949683200.0,9149394944.0,0.32069,0.16825001,,20.665342
ADBE,Adobe Inc.,Technology,Software - Application,151312138240.0,22601000960.0,6869000192.0,15.62,,,,5712999936.0,9614999552.0,8323500032.0,0.89248,0.35909998,,22.83611
AMD,"Advanced Micro Devices, Inc.",Technology,Semiconductors,263922483200.0,29600000000.0,2729999872.0,1.68,,,,5866999808.0,4877000192.0,2332999936.0,0.50986,-0.01275,,96.80357
AES,The AES Corporation,Utilities,Utilities - Diversified,9641156608.0,12032000000.0,919000000.0,1.3,,,,1350000000.0,3593999872.0,-4700375040.0,0.16922002,0.14011,,10.415385
AFL,AFLAC Incorporated,Financial Services,Insurance - Life,57152040960.0,15909999616.0,2436999936.0,4.43,,,,9354000384.0,2591000064.0,4043249920.0,0.41389,0.2101,,24.121897
A,"Agilent Technologies, Inc.",Healthcare,Diagnostics & Research,35695607808.0,6787999744.0,1220000000.0,4.29,,,,1535000064.0,1495000064.0,902875008.0,0.52577996,0.23188,,29.291376
APD,"Air Products and Chemicals, Inc",Basic Materials,Specialty Chemicals,65455353856.0,12057900032.0,1572400000.0,7.06,,,,2331099904.0,2952600064.0,-4705900032.0,0.31871,0.24295999,,41.658638
ABNB,"Airbnb, Inc.",Consumer Cyclical,Travel Services,79915171840.0,11580000256.0,2624999936.0,4.12,,,,11356000256.0,4307999744.0,3383124992.0,0.8323,0.19767,,31.68204
AKAM,"Akamai Technologies, Inc.",Technology,Software - Infrastructure,11346134016.0,4083250944.0,424600992.0,2.83,,,,966624000.0,1446679040.0,491393984.0,0.59134,0.14934,,27.96113
ALB,Albemarle Corporation,Basic Materials,Specialty Chemicals,9993639936.0,4993277952.0,-1096204032.0,-9.33,,,,1806829056.0,775100032.0,-251354496.0,0.08164,0.041490003,,
ARE,Alexandria Real Estate Equities,Real Estate,REIT - Office,14074238976.0,3097996032.0,-21458000.0,-0.13,,,,520544992.0,1419760000.0,1351669632.0,0.70157,0.20363002,,
ALGN,"Align Technology, Inc.",Healthcare,Medical Instruments & Supplies,10290169856.0,3964802048.0,437608000.0,5.92,,,,901156992.0,731065984.0,676427136.0,0.69935,0.16103001,,23.97973
ALLE,Allegion plc,Industrials,Security & Protection Services,14576735232.0,3876600064.0,626200000.0,7.2,,,,656800000.0,765100032.0,548974976.0,0.44827998,0.21497,,23.583334
LNT,Alliant Energy Corporation,Utilities,Utilities - Regulated Electric,16720971776.0,4144000000.0,832000000.0,3.24,,,,329000000.0,1096999936.0,-1308000000.0,0.47104,0.23205,,20.083334
ALL,Allstate Corporation (The),Financial Services,Insurance - Property & Casualty,53610090496.0,66218000384.0,5704999936.0,21.26,,,,10634999808.0,8743000064.0,2785499904.0,0.24591999,0.11590999,,9.569614
GOOGL,Alphabet Inc.,Communication Services,Internet Content & Information,2578297651200.0,371399000064.0,115572998144.0,9.39,,,,95147999232.0,133707997184.0,49786499072.0,0.58943003,0.32429,,22.674122
GOOG,Alphabet Inc.,Communication Services,Internet Content & Information,2578310758400.0,371399000064.0,115572998144.0,9.37,,,,95147999232.0,133707997184.0,49786499072.0,0.58943003,0.32429,,22.788687
MO,"Altria Group, Inc.",Consumer Defensive,Tobacco,112905412608.0,20259000320.0,8762999808.0,5.17,,,,1287000064.0,8876000256.0,7045499904.0,0.71731,0.62571,,13.0
AMZN,"Amazon.com, Inc.",Consumer Cyclical,Internet Retail,2442261954560.0,670038032384.0,70623002624.0,6.55,,,,93180002304.0,121136996352.0,31024001024.0,0.49607,0.11432,,34.96183
AMCR,Amcor plc,Consumer Cyclical,Packaging & Containers,19890941952.0,15009000448.0,510000000.0,0.32,,,,827000000.0,1390000000.0,35375000.0,0.18882,0.06277,,26.968752
AEE,Ameren Corporation,Utilities,Utilities - Regulated Electric,26981507072.0,8119000064.0,1227000064.0,4.55,,,,11000000.0,3007000064.0,-2363624960.0,0.46644002,0.22031,,21.929668
AEP,American Electric Power Company,Utilities,Utilities - Regulated Electric,59372941312.0,20666699776.0,3649700096.0,6.82,,,,439300000.0,6571200000.0,-4070799872.0,0.48759997,0.28184,,16.278591
AXP,American Express Company,Financial Services,Credit Services,230531776512.0,63435001856.0,10017000448.0,14.25,,,,57762000896.0,13093999616.0,,0.64247,0.21002,,23.247719
AIG,"American International Group, I",Financial Services,Insurance - Diversified,45051600896.0,27395999744.0,3268999936.0,5.35,,,,11925000192.0,3159000064.0,13649750016.0,0.33235002,0.22721,,15.2
AMT,American Tower Corporation (REI,Real Estate,REIT - Specialty,95452971008.0,10259600384.0,2501299968.0,5.34,,,,2076000000.0,5244899840.0,4460037632.0,0.74371004,0.45655,,38.174156
AWK,"American Water Works Company, I",Utilities,Utilities - Regulated Water,27998658560.0,4942000128.0,1083000064.0,5.55,,,,175000000.0,1950000000.0,-1340499968.0,0.60279,0.38636002,,25.857656
AMP,"Ameriprise Financial, Inc.",Financial Services,Asset Management,48531963904.0,18179999744.0,3224999936.0,32.07,,,,8185999872.0,6880999936.0,4572125184.0,0.56463003,0.36303002,,16.052698
AME,"AMETEK, Inc.",Industrials,Specialty Industrial Machinery,42680299520.0,6980192768.0,1437623040.0,6.21,,,,619712000.0,1813820032.0,1420693376.0,0.35705003,0.25483,,29.758455
AMGN,Amgen Inc.,Healthcare,Drug Manufacturers - General,154892124160.0,34916999168.0,6618999808.0,12.23,,,,8028000256.0,12012999680.0,10421999616.0,0.69359,0.32727,,23.524939
APH,Amphenol Corporation,Technology,Electronic Components,132909359104.0,18818000896.0,3179599872.0,2.51,,,,3226400000.0,3732800000.0,1797137536.0,0.35237,0.25621998,,43.370518
ADI,"Analog Devices, Inc.",Technology,Semiconductors,123633213440.0,10386794496.0,1957676032.0,3.92,,,,3469286912.0,4162209024.0,3380657152.0,0.60151,0.28551,,64.109695
AON,Aon plc,Financial Services,Insurance Brokers,79135113216.0,16752000000.0,2603000064.0,11.85,,,,1228999936.0,3148999936.0,3132000000.0,0.46574003,0.23080999,,30.970463
APA,APA Corporation,Energy,Oil & Gas E&P,8307790336.0,9804000256.0,1080999936.0,2.89,,,,210000000.0,4652000256.0,2154249984.0,0.6631,0.37546003,,8.034601
APO,"Apollo Global Management, Inc. ",Financial Services,Asset Management,77927235584.0,25127000064.0,3159000064.0,5.35,,,,27878000640.0,4124000000.0,,0.41414002,0.15245,,25.46355
AAPL,Apple Inc.,Technology,Consumer Electronics,3445050310656.0,408624988160.0,99280003072.0,6.59,,,,55372001280.0,108564996096.0,94873747456.0,0.46678,0.29990998,,35.2261
AMAT,"Applied Materials, Inc.",Technology,Semiconductor Equipment & Materials,128068157440.0,28612999168.0,6832000000.0,8.38,,,,7014000128.0,7704999936.0,3314874880.0,0.48501998,0.30581,,19.18377
APTV,Aptiv PLC,Consumer Cyclical,Auto Parts,17318453248.0,19793999872.0,1013000000.0,4.42,,,,1448000000.0,2342000128.0,1559000064.0,0.19193001,0.11002,,17.993212
ACGL,Arch Capital Group Ltd.,Financial Services,Insurance - Diversified,34160826368.0,19156000768.0,3694000128.0,9.67,,,,3839000064.0,6173000192.0,8082999808.0,0.33828,0.29829,,9.465357
ADM,Archer-Daniels-Midland Company,Consumer Defensive,Farm Products,30096265216.0,82775998464.0,1099000064.0,2.3,,,,1066000000.0,5577999872.0,1703874944.0,0.0637,0.02169,,27.234783
ANET,"Arista Networks, Inc.",Technology,Computer Hardware,171625611264.0,7950945792.0,3251554048.0,2.55,,,,8844399616.0,4047235072.0,3328752384.0,0.64236,0.4473,,53.549023
AJG,Arthur J. Gallagher & Co.,Financial Services,Insurance Brokers,77613899776.0,11551500288.0,1641100032.0,6.6,,,,14302199808.0,2119800064.0,984899968.0,0.43729,0.17899,,45.871212
AIZ,"Assurant, Inc.",Financial Services,Insurance - Property & Casualty,10879508480.0,12304900096.0,717000000.0,13.8,,,,1803000064.0,1197200000.0,1122649984.0,0.1026,0.09996,,15.623913
T,AT&T Inc.,Communication Services,Telecom Services,209434918912.0,123984003072.0,12664000512.0,1.75,,,,10499000320.0,40943001600.0,12400000000.0,0.59666,0.22725001,,16.737143
ATO,Atmos Energy Corporation,Utilities,Utilities - Regulated Gas,26667853824.0,4623219200.0,1157394048.0,7.23,,,,831267008.0,2032013952.0,-1664760448.0,0.57945997,0.30873,,22.97787
ADSK,"Autodesk, Inc.",Technology,Software - Application,67328491520.0,6605000192.0,1043000000.0,4.81,,,,2236000000.0,1924999936.0,2390625024.0,0.92036,0.25525,,65.4262
ADP,"Automatic Data Processing, Inc.",Technology,Software - Application,123153317888.0,20560900096.0,4079699968.0,9.97,,,,7808200192.0,4939700224.0,3516012544.0,0.48391,0.23685,,30.496487
AZO,"AutoZone, Inc.",Consumer Cyclical,Auto Parts,70235947008.0,18901370880.0,2563504896.0,147.79,,,,287617984.0,3234831872.0,1520323840.0,0.52948004,0.19402,,28.408756
AVB,"AvalonBay Communities, Inc.",Real Estate,REIT - Residential,27885713408.0,3020967936.0,1157688960.0,8.15,,,,102884000.0,1608696960.0,1311696000.0,0.63490003,0.30501,,24.030676
AVY,Avery Dennison Corporation,Consumer Cyclical,Packaging & Containers,13385541632.0,8737899520.0,711000000.0,8.93,,,,255700000.0,813800000.0,590249984.0,0.2857,0.12911999,,19.221724
AXON,"Axon Enterprise, Inc.",Industrials,Aerospace & Defense,58665549824.0,2391589888.0,326305984.0,4.04,,,,2230799872.0,275576992.0,262484368.0,0.60578,0.00025,,184.97276
BKR,Baker Hughes Company,Energy,Oil & Gas Equipment & Services,44758908928.0,27608999936.0,3048000000.0,3.06,,,,3087000064.0,3419000064.0,1096875008.0,0.21424,0.12836,,14.836602
BALL,Ball Corporation,Consumer Cyclical,Packaging & Containers,14325922816.0,12396999680.0,581000000.0,2.02,,,,301000000.0,777000000.0,476750016.0,0.20166,0.10665,,26.059406
BAC,Bank of America Corporation,Financial Services,Banks - Diversified,375828643840.0,98455003136.0,26594000896.0,3.41,,,,838142984192.0,-22677999616.0,,0.0,0.30912,,14.8797655
BAX,Baxter International Inc.,Healthcare,Medical Instruments & Supplies,12681303040.0,10887000064.0,-247000000.0,-0.48,,,,1686000000.0,765000000.0,1707250048.0,0.38844,0.15445,,
BDX,"Becton, Dickinson and Company",Healthcare,Medical Instruments & Supplies,55313276928.0,21386000384.0,1584999936.0,5.46,,,,757000000.0,3254000128.0,3369374976.0,0.47157001,0.17807,,35.344322
BRK.B,,Financials,Multi-Sector Holdings,,,,,,,,,,,,,,
BBY,"Best Buy Co., Inc.",Consumer Cyclical,Specialty Retail,15563593728.0,41598001152.0,778000000.0,3.63,,,,1456000000.0,2064000000.0,986249984.0,0.22544001,0.03867,,20.2865
TECH,Bio-Techne Corp,Healthcare,Biotechnology,8497696768.0,1219634944.0,73363000.0,0.46,,,,162186000.0,287556000.0,313920256.0,0.66504997,0.36296,,118.76087
BIIB,Biogen Inc.,Healthcare,Drug Manufacturers - General,19385436160.0,9996999680.0,1530499968.0,10.45,,,,2758799872.0,2116700032.0,2272062464.0,0.75585,0.3461,,12.652632
BLK,"BlackRock, Inc.",Financial Services,Asset Management,174540996608.0,21572999168.0,6403999744.0,41.37,,,,11658000384.0,4235000064.0,5920249856.0,0.4902,0.34225,,27.245348
BX,Blackstone Inc.,Financial Services,Asset Management,210510036992.0,13505741824.0,2863803904.0,3.7,,,,2361184000.0,3380976128.0,,1.0,0.5273,,46.32432
XYZ,"Block, Inc.",Technology,Software - Infrastructure,48547270656.0,23834615808.0,2958104064.0,4.68,,,,6781575168.0,1206221056.0,583103104.0,0.39644,0.08179,,17.017094
BK,The Bank of New York Mellon Cor,Financial Services,Banks - Diversified,74473447424.0,19271000064.0,4780000256.0,6.54,,,,210181996544.0,3847000064.0,,0.0,0.36908,,16.14679
BA,Boeing Company (The),Industrials,Aerospace & Defense,177455153152.0,75326996480.0,-10913000448.0,-16.54,,,,22257999872.0,-6184000000.0,-6363874816.0,-0.00153,-0.00976,,
BKNG,Booking Holdings Inc. Common St,Consumer Cyclical,Travel Services,181464645632.0,25024999424.0,4813000192.0,143.34,,,,17595000832.0,9578000384.0,7627125248.0,0.86773,0.33657002,,39.06132
BSX,Boston Scientific Corporation,Healthcare,Medical Devices,156324626432.0,18493999104.0,2504999936.0,1.68,,,,534000000.0,4284999936.0,2937874944.0,0.68044,0.18632999,,62.797623
BMY,Bristol-Myers Squibb Company,Healthcare,Drug Manufacturers - General,96032063488.0,47703998464.0,5048999936.0,2.49,,,,13603000320.0,15900999680.0,16182750208.0,0.73917997,0.33661997,,18.947792
AVGO,Broadcom Inc.,Technology,Semiconductors,1398764994560.0,57045999616.0,13240999936.0,2.74,,,,11105000448.0,23235000320.0,26148749312.0,0.77033997,0.31765,,108.5365
BR,"Broadridge Financial Solutions,",Technology,Information Technology Services,29940514816.0,6889099776.0,839500032.0,7.11,,,,562200000.0,1171299968.0,1036300032.0,0.31017,0.24145001,,35.95218
BRO,"Brown & Brown, Inc.",Financial Services,Insurance Brokers,31978278912.0,4956000256.0,994000000.0,3.47,,,,8892999680.0,1339000064.0,1000625024.0,0.49293998,0.29944,,27.93948
BF.B,,Consumer Staples,Distillers & Vintners,,,,,,,,,,,,,,
BLDR,"Builders FirstSource, Inc.",Industrials,Building Products & Equipment,15330657280.0,15944359936.0,756361984.0,6.62,,,,87020000.0,1576788992.0,969905152.0,0.31577,0.073520005,,20.948639
BG,Bunge Limited,Consumer Defensive,Farm Products,16849221632.0,50861998080.0,1378000000.0,9.92,,,,7136999936.0,1023000000.0,-1082375040.0,0.061539996,0.02804,,8.48992
BXP,"BXP, Inc.",Real Estate,REIT - Office,12819986432.0,3410208000.0,4935000.0,0.02,,,,447582016.0,1233022976.0,1100467840.0,0.60317004,0.29013002,,3625.5002
CHRW,"C.H. Robinson Worldwide, Inc.",Industrials,Integrated Freight & Logistics,15198311424.0,17012580352.0,534308000.0,4.4,,,,155992992.0,709644032.0,576097024.0,0.082100004,0.05314,,29.249998
CDNS,"Cadence Design Systems, Inc.",Technology,Software - Application,95488663552.0,5089287168.0,1011950976.0,3.71,,,,3000955904.0,1715977984.0,1514491648.0,0.85570997,0.29354,,94.45552
CZR,"Caesars Entertainment, Inc.",Consumer Cyclical,Resorts & Casinos,5567945728.0,11374000128.0,-195000000.0,-0.93,,,,982000000.0,1220999936.0,186250000.0,0.51161,0.19264,,
CPT,Camden Property Trust,Real Estate,REIT - Residential,11965399040.0,1570124032.0,155651008.0,1.43,,,,33091000.0,792796992.0,701680384.0,0.61421,0.18011999,,78.3077
CPB,The Campbell's Company,Consumer Defensive,Packaged Foods,9519290368.0,10225000448.0,454000000.0,1.5,,,,143000000.0,1160000000.0,681625024.0,0.30621,0.14222,,21.286667
COF,Capital One Financial Corporati,Financial Services,Credit Services,145311055872.0,23772999680.0,-273000000.0,0.36,,,,60996001792.0,19638999040.0,,0.0,-5.32768,,631.1666
CAH,"Cardinal Health, Inc.",Healthcare,Medical Distribution,35527770112.0,222577999872.0,1560999936.0,6.46,,,,3873999872.0,2396999936.0,2071124992.0,0.0367,0.0104600005,,23.03096
KMX,CarMax Inc,Consumer Cyclical,Auto & Truck Dealerships,9206917120.0,28673363968.0,558497024.0,3.62,,,,262819008.0,1041670976.0,57066124.0,0.12472,0.03858,,16.947514
CCL,Carnival Corporation,Consumer Cyclical,Travel Services,43239010304.0,25972000768.0,2524999936.0,1.91,,,,2146000000.0,5432999936.0,2056000000.0,0.54701,0.1476,,16.696335
CARR,Carrier Global Corporation,Industrials,Building Products & Equipment,55486697472.0,22463000576.0,1536000000.0,1.74,,,,1796999936.0,995000000.0,2310249984.0,0.26915002,0.14412,,37.471264
CAT,"Caterpillar, Inc.",Industrials,Farm & Heavy Construction Machinery,196311449600.0,63139000320.0,9436999680.0,19.65,,,,4428000256.0,11372999680.0,4527875072.0,0.3103,0.17738001,,21.325191
CBOE,"Cboe Global Markets, Inc.",Financial Services,Financial Data & Stock Exchanges,24678010880.0,4531800064.0,896300032.0,8.52,,,,1463900032.0,-42300000.0,1037699968.0,0.48744,0.30354,,27.69366
CBRE,CBRE Group Inc,Real Estate,Real Estate Services,48239452160.0,38103998464.0,1090000000.0,3.57,,,,1395000064.0,1424000000.0,640875008.0,0.19468,0.0364,,45.411766
CDW,CDW Corporation,Technology,Information Technology Services,21593610240.0,21878300672.0,1076700032.0,8.04,,,,481000000.0,1130499968.0,957687488.0,0.21572,0.07243,,20.492537
COR,"Cencora, Inc.",Healthcare,Medical Distribution,56536760320.0,316654387200.0,1897255040.0,9.74,,,,2231852032.0,1742082048.0,1288606848.0,0.03401,0.012200001,,29.939425
CNC,Centene Corporation,Healthcare,Healthcare Plans,14262502400.0,159560007680.0,2054000000.0,4.12,,,,17280999424.0,1730000000.0,1541500032.0,0.12684,-0.00071999995,,7.048544
CNP,"CenterPoint Energy, Inc (Holdin",Utilities,Utilities - Regulated Electric,24619540480.0,8981999616.0,936000000.0,1.43,,,,796000000.0,1995000064.0,-2014749952.0,0.442,0.21193,,26.37063
CF,"CF Industries Holdings, Inc.",Basic Materials,Agricultural Inputs,14031719424.0,6447000064.0,1302000000.0,7.63,,,,1686000000.0,2500000000.0,1545624960.0,0.35598,0.34021,,11.353866
CRL,Charles River Laboratories Inte,Healthcare,Diagnostics & Research,8037170688.0,4028614912.0,-69225000.0,-1.31,,,,182824000.0,787454016.0,706380992.0,0.35027,0.16668,,
SCHW,Charles Schwab Corporation (The,Financial Services,Capital Markets,173970669568.0,21625999360.0,6789000192.0,3.72,,,,82110996480.0,17806999552.0,,0.97193,0.47906,,25.76344
CHTR,"Charter Communications, Inc.",Communication Services,Telecom Services,36275838976.0,55222001664.0,5264000000.0,36.52,,,,606000000.0,15201000448.0,3736000000.0,0.55174,0.24408,,7.272179
CVX,Chevron Corporation,Energy,Oil & Gas Integrated,323580100608.0,189265002496.0,13715999744.0,7.77,,,,4065999872.0,32134000640.0,14433874944.0,0.39169997,0.09441,,20.66924
CMG,"Chipotle Mexican Grill, Inc.",Consumer Cyclical,Restaurants,56504680448.0,11577533440.0,1541878016.0,1.13,,,,1546492032.0,2091666048.0,1128346880.0,0.40165,0.18428,,37.292034
CB,Chubb Limited,Financial Services,Insurance - Property & Casualty,109667655680.0,57486000128.0,9198000128.0,22.64,,,,6696999936.0,14000000000.0,12818124800.0,0.27501,0.22318001,,12.149735
CHD,"Church & Dwight Company, Inc.",Consumer Defensive,Household & Personal Products,22694615040.0,6065999872.0,525200000.0,2.12,,,,923200000.0,1072800000.0,834862528.0,0.44471002,0.17374,,43.9434
CI,The Cigna Group,Healthcare,Healthcare Plans,80310624256.0,262023004160.0,5017999872.0,18.23,,,,5142000128.0,5292000256.0,4468125184.0,0.098579995,0.03674,,16.504114
CINF,Cincinnati Financial Corporatio,Financial Services,Insurance - Property & Casualty,24019353600.0,11672000512.0,1820000000.0,11.54,,,,1095000064.0,2604999936.0,1503750016.0,0.20844999,0.26755,,13.3102255
CTAS,Cintas Corporation,Industrials,Specialty Business Services,84637466624.0,10340180992.0,1805929984.0,4.39,,,,263972992.0,2165904896.0,1556821248.0,0.50039,0.22396,,47.842827
CSCO,"Cisco Systems, Inc.",Technology,Communication Equipment,273596383232.0,56654000128.0,10453000192.0,2.61,,,,16110000128.0,14193000448.0,12620499968.0,0.65681,0.23785,,26.471264
C,"Citigroup, Inc.",Financial Services,Banks - Diversified,177775706112.0,72825004032.0,12903999488.0,6.77,,,,991104008192.0,-87165001728.0,,0.0,0.27649,,14.264401
CFG,"Citizens Financial Group, Inc.",Financial Services,Banks - Regional,22550925312.0,7208000000.0,1452999936.0,3.28,,,,10060000256.0,1286000000.0,,0.0,0.29578,,15.939024
CLX,Clorox Company (The),Consumer Defensive,Household & Personal Products,14456923136.0,7104000000.0,810000000.0,6.52,,,,167000000.0,981000000.0,1084625024.0,0.45158002,0.20976,,18.128834
CME,CME Group Inc.,Financial Services,Financial Data & Stock Exchanges,96044875776.0,6432699904.0,3721400064.0,10.34,,,,2098899968.0,4196000000.0,2922299904.0,1.0,0.66874003,,25.774662
CMS,CMS Energy Corporation,Utilities,Utilities - Regulated Electric,21423407104.0,8016999936.0,1013000000.0,3.39,,,,844000000.0,2120999936.0,-1308249984.0,0.42086,0.19804001,,21.112093
KO,Coca-Cola Company (The),Consumer Defensive,Beverages - Non-Alcoholic,296910159872.0,47061999616.0,12183000064.0,2.82,,,,14296999936.0,1300999936.0,1707124992.0,0.61425,0.34662998,,24.464539
CTSH,Cognizant Technology Solutions ,Technology,Information Technology Services,35286609920.0,20486000640.0,2436000000.0,4.93,,,,1808000000.0,2564999936.0,1835124992.0,0.34179002,0.15577,,14.655173
COIN,"Coinbase Global, Inc.",Financial Services,Financial Data & Stock Exchanges,78247903232.0,6706041856.0,2860652032.0,10.38,,,,7539387904.0,1806909056.0,388593504.0,0.84535,0.14428,,29.339113
CL,Colgate-Palmolive Company,Consumer Defensive,Household & Personal Products,67947139072.0,19997999104.0,2908000000.0,3.56,,,,1412000000.0,3920000000.0,2730125056.0,0.60621,0.20861,,23.61517
CMCSA,Comcast Corporation,Communication Services,Telecom Services,125424377856.0,124184002560.0,22904999936.0,6.03,,,,9687000064.0,31210000384.0,3575500032.0,0.70822996,0.19770001,,5.633499
CAG,"ConAgra Brands, Inc.",Consumer Defensive,Packaged Foods,9157415936.0,11612800000.0,1152400000.0,2.4,,,,68000000.0,1691900032.0,1085662464.0,0.25955,0.137,,7.970833
COP,ConocoPhillips,Energy,Oil & Gas E&P,123607597056.0,59385999360.0,9155999744.0,7.46,,,,5340000256.0,19819999232.0,7256875008.0,0.48231998,0.19729,,13.266756
ED,"Consolidated Edison, Inc.",Utilities,Utilities - Regulated Electric,35426848768.0,16154000384.0,1936000000.0,5.5,,,,1506000000.0,4518000128.0,-677000000.0,0.53398997,0.10125,,17.86
STZ,"Constellation Brands, Inc.",Consumer Defensive,Beverages - Brewers,28553422848.0,10061899776.0,-442300000.0,-2.35,,,,73900000.0,3098899968.0,1205774976.0,0.51665,0.31598,,
CEG,Constellation Energy Corporatio,Utilities,Utilities - Renewable,96214810624.0,24820000768.0,3008999936.0,9.58,,,,1974000000.0,456000000.0,3516250112.0,0.21773,0.15391,,32.148228
COO,"The Cooper Companies, Inc.",Healthcare,Medical Instruments & Supplies,13398731776.0,4045700096.0,407800000.0,2.04,,,,124900000.0,816300032.0,276212512.0,0.6696,0.16570999,,33.036762
CPRT,"Copart, Inc.",Industrials,Specialty Business Services,47196147712.0,4590859776.0,1478662016.0,1.51,,,,4384342016.0,1800494976.0,873605888.0,0.4653,0.37265,,32.324505
GLW,Corning Incorporated,Technology,Electronic Components,57419169792.0,14206000128.0,819000000.0,0.94,,,,1491000064.0,2180999936.0,1090875008.0,0.35408002,0.1494,,71.30851
CPAY,"Corpay, Inc.",Technology,Software - Infrastructure,22996992000.0,4171324928.0,1049753024.0,14.72,,,,2210748928.0,2115555968.0,1213965440.0,0.78116,0.43501,,22.124321
CTVA,"Corteva, Inc.",Basic Materials,Agricultural Inputs,50382434304.0,17176999936.0,1468999936.0,2.17,,,,2140999936.0,3140999936.0,2477374976.0,0.45654,0.28284,,34.18894
CSGP,"CoStar Group, Inc.",Real Estate,Real Estate Services,37912436736.0,2915500032.0,104200000.0,0.26,,,,3936699904.0,394600000.0,116800000.0,0.79331,-0.03481,,344.19232
COST,Costco Wholesale Corporation,Consumer Defensive,Discount Stores,418340732928.0,268775997440.0,7842999808.0,17.64,,,,14849999872.0,12426000384.0,5910374912.0,0.12776,0.04003,,53.476192
CTRA,Coterra Energy Inc.,Energy,Oil & Gas E&P,18651142144.0,6232000000.0,1576000000.0,2.09,,,,192000000.0,3460999936.0,1287250048.0,0.74759,0.42282,,11.693781
CRWD,"CrowdStrike Holdings, Inc.",Technology,Software - Infrastructure,106329636864.0,4341102080.0,-296985984.0,-1.19,,,,4972435968.0,1388797056.0,1420226944.0,0.74004,-0.09631,,
CCI,Crown Castle Inc.,Real Estate,REIT - Specialty,43172495360.0,6467999744.0,-3912999936.0,-9.0,,,,94000000.0,3048999936.0,1330499968.0,0.71475,0.47924998,,
CSX,CSX Corporation,Industrials,Railroads,60607741952.0,14154999808.0,3102000128.0,1.63,,,,393000000.0,4963999744.0,1552999936.0,0.46881,0.36094,,19.944784
CMI,Cummins Inc.,Industrials,Specialty Industrial Machinery,54899453952.0,33720000512.0,2940999936.0,21.32,,,,3073999872.0,2844000000.0,1225500032.0,0.25958002,0.13016,,18.688557
CVS,CVS Health Corporation,Healthcare,Healthcare Plans,92778340352.0,384328990720.0,4530999808.0,3.59,,,,14172999680.0,7568000000.0,5829250048.0,0.13305001,0.02803,,20.376045
DHR,Danaher Corporation,Healthcare,Diagnostics & Research,147377815552.0,24013000704.0,3412999936.0,4.71,,,,2956999936.0,6168999936.0,3883249920.0,0.59718,0.20115,,43.698517
DRI,"Darden Restaurants, Inc.",Consumer Cyclical,Restaurants,24128169984.0,12076699648.0,1051000000.0,8.88,,,,240000000.0,1698499968.0,748025024.0,0.21882,0.13171,,23.304054
DDOG,"Datadog, Inc.",Technology,Software - Application,47666462720.0,3016056064.0,124580000.0,0.36,,,,3910970112.0,965505024.0,823317376.0,0.79941005,-0.042940002,,379.66663
DVA,DaVita Inc.,Healthcare,Medical Care Facilities,9849839616.0,13161327616.0,836270976.0,10.15,,,,739430976.0,1862273024.0,1096789760.0,0.32541,0.15697,,13.572413
DAY,"Dayforce, Inc.",Technology,Software - Application,11009774592.0,1851699968.0,49000000.0,0.3,,,,625200000.0,335100000.0,278800000.0,0.50948,0.080699995,,232.56665
DECK,Deckers Outdoor Corporation,Consumer Cyclical,Footwear & Accessories,17746274304.0,5124803072.0,989668992.0,6.51,,,,1720416000.0,968019008.0,718363648.0,0.57633,0.17136,,18.376343
DE,Deere & Company,Industrials,Farm & Heavy Construction Machinery,129390272512.0,44250001408.0,5207000064.0,19.15,,,,7225999872.0,8556000256.0,2331249920.0,0.27442,0.15094,,24.994257
DELL,Dell Technologies Inc.,Technology,Computer Hardware,82620063744.0,101450997760.0,4837000192.0,6.96,,,,8144999936.0,7477000192.0,-2355500032.0,0.21268,0.05954,,17.550287
DAL,"Delta Air Lines, Inc.",Industrials,Airlines,40339124224.0,61924999168.0,4485000192.0,6.88,,,,3331000064.0,7402999808.0,944374976.0,0.21190001,0.120620005,,8.9796505
DVN,Devon Energy Corporation,Energy,Oil & Gas E&P,22916278272.0,16104999936.0,2844000000.0,4.44,,,,1712999936.0,6814000128.0,-1337124992.0,0.50618,0.25078,,8.1306305
DXCM,"DexCom, Inc.",Healthcare,Medical Devices,29544955904.0,4300800000.0,571500032.0,1.42,,,,2929299968.0,987699968.0,425124992.0,0.58766,0.18374,,53.056335
FANG,"Diamondback Energy, Inc.",Energy,Oil & Gas E&P,43063939072.0,13409999872.0,3816999936.0,13.8,,,,219000000.0,7582000128.0,-419624992.0,0.75421,0.27897,,10.77971
DLR,"Digital Realty Trust, Inc.",Real Estate,REIT - Specialty,58225057792.0,5685473792.0,1342168064.0,3.81,,,,3565385984.0,2376312064.0,1939424256.0,0.54517,0.15001,,44.0
DG,Dollar General Corporation,Consumer Defensive,Discount Stores,23938729984.0,41651642368.0,1191100032.0,5.41,,,,1284567040.0,3158190080.0,1500179584.0,0.30152,0.0555,,20.103514
DLTR,"Dollar Tree, Inc.",Consumer Defensive,Discount Stores,22783342592.0,18049300480.0,1088300032.0,5.07,,,,1007400000.0,2649799936.0,1202599936.0,0.35831,0.08279,,21.532543
D,"Dominion Energy, Inc.",Utilities,Utilities - Regulated Electric,51120697344.0,15226999808.0,2548999936.0,3.01,,,,363000000.0,4608999936.0,-5987500032.0,0.4936,0.32493,,19.900333
DPZ,Domino's Pizza Inc,Consumer Cyclical,Restaurants,15558780928.0,4781233152.0,597110016.0,17.23,,,,295352000.0,717606976.0,477328864.0,0.28506002,0.18064,,26.598955
DASH,"DoorDash, Inc.",Consumer Cyclical,Internet Retail,104769576960.0,11895000064.0,781000000.0,1.81,,,,4999000064.0,2188000000.0,-775750016.0,0.51037997,0.05633,,135.49724
DOV,Dover Corporation,Industrials,Specialty Industrial Machinery,24527788032.0,7829059072.0,1070649984.0,7.74,,,,1264893056.0,747681984.0,800307520.0,0.39672002,0.17989999,,23.108528
DOW,Dow Inc.,Basic Materials,Chemicals,17458827264.0,41819000832.0,-994000000.0,-1.4,,,,2737999872.0,1235000064.0,-748625024.0,0.07972,0.00208,,
DHI,"D.R. Horton, Inc.",Consumer Cyclical,Residential Construction,50526052352.0,34575200256.0,3963300096.0,12.44,,,,2345999872.0,2910700032.0,1801437440.0,0.2358,0.14564,,13.623795
DTE,DTE Energy Company,Utilities,Utilities - Regulated Electric,28366899200.0,14200999936.0,1439000064.0,6.96,,,,32000000.0,3571000064.0,-1478000000.0,0.31279,0.1246,,19.63362
DUK,Duke Energy Corporation (Holdin,Utilities,Utilities - Regulated Electric,95251161088.0,30848000000.0,4729999872.0,6.11,,,,344000000.0,11941000192.0,-1614125056.0,0.51926,0.24227,,20.047462
DD,"DuPont de Nemours, Inc.",Basic Materials,Specialty Chemicals,32207710208.0,12606999552.0,71000000.0,0.17,,,,1836999936.0,1956999936.0,1445500032.0,0.37138,0.16273001,,452.47058
EMN,Eastman Chemical Company,Basic Materials,Specialty Chemicals,8077282304.0,9285999616.0,832000000.0,7.11,,,,423000000.0,1002000000.0,381750016.0,0.24112,0.124180004,,9.893107
ETN,"Eaton Corporation, PLC",Industrials,Specialty Industrial Machinery,135920205824.0,25988999168.0,3924999936.0,9.95,,,,584000000.0,4062000128.0,2308250112.0,0.38162,0.18569,,35.08945
EBAY,eBay Inc.,Consumer Cyclical,Internet Retail,41408770048.0,10469999616.0,2190000128.0,4.5,,,,3750000128.0,1912000000.0,1521624960.0,0.71882004,0.17729001,,20.135555
ECL,Ecolab Inc.,Basic Materials,Specialty Chemicals,78575468544.0,15723899904.0,2136099968.0,7.48,,,,1402400000.0,2624600064.0,2128974976.0,0.44013,0.14715,,37.037434
EIX,Edison International,Utilities,Utilities - Regulated Electric,21600731136.0,17539000320.0,2633999872.0,6.81,,,,140000000.0,5747999744.0,-1203124992.0,0.52266,0.18314,,8.242291
EW,Edwards Lifesciences Corporatio,Healthcare,Medical Devices,47754715136.0,5685100032.0,1412600064.0,2.39,,,,4062200064.0,794899968.0,1261549952.0,0.78873,0.28123,,34.03347
EA,Electronic Arts Inc.,Communication Services,Electronic Gaming & Multimedia,43023093760.0,7473999872.0,1042000000.0,4.01,,,,1630000000.0,1976000000.0,1755000064.0,0.79140997,0.16218,,42.880295
ELV,"Elevance Health, Inc.",Healthcare,Healthcare Plans,71752966144.0,189253992448.0,5360000000.0,23.58,,,,34792001536.0,6454000128.0,12048000000.0,0.26835,0.0529,,13.513571
EMR,Emerson Electric Company,Industrials,Specialty Industrial Machinery,74289602560.0,17780000768.0,2208000000.0,3.89,,,,2219000064.0,3172000000.0,3172750080.0,0.52705,0.2025,,33.933163
ENPH,"Enphase Energy, Inc.",Technology,Solar,4929312768.0,1482823040.0,174704000.0,1.29,,,,1530183936.0,412472992.0,307361248.0,0.32768002,0.111049995,,29.224808
ETR,Entergy Corporation,Utilities,Utilities - Regulated Electric,39324168192.0,12307128320.0,1760077056.0,4.03,,,,1175630976.0,4739844096.0,-2688983296.0,0.4905,0.25529,,21.858559
EOG,"EOG Resources, Inc.",Energy,Oil & Gas E&P,68150849536.0,22798000128.0,5731999744.0,10.31,,,,5216000000.0,10672000000.0,3611000064.0,0.61716,0.32806,,12.106692
EPAM,"EPAM Systems, Inc.",Technology,Information Technology Services,9822705664.0,5071012864.0,401152992.0,7.0,,,,1041344000.0,449580992.0,540610112.0,0.30075002,0.09633,,25.194286
EQT,EQT Corporation,Energy,Oil & Gas E&P,32351424512.0,7103623168.0,1143858048.0,1.9,,,,555491968.0,4332130816.0,1246506240.0,0.74741,0.63418,,27.28421
EFX,"Equifax, Inc.",Industrials,Consulting Services,30343421952.0,5840200192.0,639699968.0,5.12,,,,189000000.0,1389299968.0,864124992.0,0.56657004,0.20221001,,48.10547
EQIX,"Equinix, Inc.",Real Estate,REIT - Specialty,76939698176.0,8931000320.0,994000000.0,10.14,,,,3660000000.0,3492000000.0,2248000000.0,0.50039,0.22575001,,77.53353
EQR,Equity Residential,Real Estate,REIT - Residential,26022320128.0,3044763904.0,1010086976.0,2.66,,,,31276000.0,1540708992.0,1405341184.0,0.63055,0.29397,,24.857143
ERIE,Erie Indemnity Company,Financial Services,Insurance Brokers,18530494464.0,3973472000.0,624961024.0,11.94,,,,391265984.0,688323008.0,400566016.0,0.17566,0.19319001,,29.680069
ESS,"Essex Property Trust, Inc.",Real Estate,REIT - Residential,18662998016.0,1887956992.0,800348992.0,12.43,,,,61779000.0,1032155008.0,928902016.0,0.68718004,0.33938998,,21.738535
EL,"Estee Lauder Companies, Inc. (T",Consumer Defensive,Household & Personal Products,33012619264.0,14325999616.0,-1132999936.0,-3.15,,,,2920999936.0,1272000000.0,1572749952.0,0.73963,0.04427,,
EG,"Everest Group, Ltd.",Financial Services,Insurance - Reinsurance,14339575808.0,17716000768.0,798000000.0,19.15,,,,4405000192.0,4525000192.0,5383374848.0,0.06706,0.195,,17.852741
EVRG,"Evergy, Inc.",Utilities,Utilities - Regulated Electric,16400846848.0,5880300032.0,840099968.0,3.64,,,,27800000.0,2122400000.0,-275600000.0,0.52052,0.23793,,19.576923
ES,Eversource Energy (D/B/A),Utilities,Utilities - Regulated Electric,23777339392.0,12991134720.0,857980032.0,2.29,,,,343692992.0,3295614976.0,-417827488.0,0.54905,0.24614,,27.978167
EXC,Exelon Corporation,Utilities,Utilities - Regulated Electric,44116365312.0,23765999616.0,2654000128.0,2.63,,,,724000000.0,5825999872.0,-1859124992.0,0.4182,0.17284,,16.608364
EXE,Expand Energy Corporation,Energy,Oil & Gas E&P,23047770112.0,8862999552.0,206000000.0,-0.03,,,,731000000.0,3222000128.0,2279875072.0,0.43101,0.45924,,
EXPE,"Expedia Group, Inc.",Consumer Cyclical,Travel Services,26574196736.0,14017999872.0,1112999936.0,8.12,,,,6671000064.0,2777999872.0,1759000064.0,0.89606005,0.14025,,26.453203
EXPD,Expeditors International of Was,Industrials,Integrated Freight & Logistics,16359569408.0,11273140224.0,852820992.0,6.14,,,,1156162048.0,861521984.0,646033728.0,0.13541001,0.09342,,19.631922
EXR,Extra Space Storage Inc,Real Estate,REIT - Industrial,31817469952.0,3393270016.0,974692992.0,4.59,,,,132493000.0,1901895040.0,1078488576.0,0.75338,0.4559,,31.281046
XOM,Exxon Mobil Corporation,Energy,Oil & Gas Integrated,487246823424.0,329816014848.0,31015000064.0,7.04,,,,14352000000.0,54300999680.0,20748249088.0,0.3102,0.11729,,16.234375
FFIV,"F5, Inc.",Technology,Software - Infrastructure,17989017600.0,3024655872.0,667182976.0,11.34,,,,1426957056.0,988102976.0,857785280.0,0.81029,0.25157,,27.613758
FDS,FactSet Research Systems Inc.,Financial Services,Financial Data & Stock Exchanges,14114034688.0,2287034112.0,532920000.0,13.85,,,,364115008.0,677321024.0,516989504.0,0.53332,0.33159,,26.954512
FICO,Fair Isaac Corporation,Technology,Software - Application,36524990464.0,1928926976.0,632622976.0,25.56,,,,189048992.0,781616000.0,638329984.0,0.81745005,0.48939,,59.53208
FAST,Fastenal Company,Industrials,Industrial Distribution,56991805440.0,7774400000.0,1189100032.0,1.03,,,,237800000.0,1120499968.0,657049984.0,0.45064998,0.20963,,48.213593
FRT,Federal Realty Investment Trust,Real Estate,REIT - Retail,8727267328.0,1239058944.0,336795008.0,3.95,,,,180530000.0,593417024.0,390068128.0,0.67958,0.40697,,25.455696
FDX,FedEx Corporation,Industrials,Integrated Freight & Logistics,54520504320.0,87925997568.0,4087000064.0,16.8,,,,,7036000256.0,3494500096.0,0.27264,0.0764,,13.754168
FIS,Fidelity National Information S,Technology,Information Technology Services,36467277824.0,10316999680.0,158000000.0,0.25,,,,581000000.0,2711000064.0,2025750016.0,0.36668,0.20183,,279.24
FITB,Fifth Third Bancorp,Financial Services,Banks - Regional,30294566912.0,7992999936.0,2183000064.0,3.21,,,,6293000192.0,4297999872.0,,0.0,0.38996,,14.258567
FSLR,"First Solar, Inc.",Technology,Solar,20933736448.0,4343436800.0,1257474944.0,11.69,,,,1153837952.0,298856992.0,-1397291648.0,0.42758998,0.32958,,16.697178
FE,FirstEnergy Corp.,Utilities,Utilities - Regulated Electric,25186363392.0,13863999488.0,1308000000.0,2.27,,,,569000000.0,3537999872.0,-1210437504.0,0.6946,0.19851999,,19.215858
FI,"Fiserv, Inc.",Technology,Information Technology Services,75113676800.0,21112000512.0,3379000064.0,5.98,,,,999000000.0,6771999744.0,4373499904.0,0.61136,0.30801,,23.107021
F,Ford Motor Company,Consumer Cyclical,Auto Manufacturers,46842953728.0,185250004992.0,3151000064.0,0.78,,,,28280999936.0,18525999104.0,4231875072.0,0.07221,0.010720001,,15.089745
FTNT,"Fortinet, Inc.",Technology,Software - Infrastructure,60358770688.0,6337900032.0,1939600000.0,2.51,,,,4562899968.0,2400900096.0,1903687552.0,0.81289,0.28018,,31.38247
FTV,Fortive Corporation,Technology,Scientific & Technical Instruments,16192760832.0,6147899904.0,768899968.0,2.22,,,,1832700032.0,1514099968.0,1288925056.0,0.59778,0.1463,,21.55856
FOXA,Fox Corporation,Communication Services,Entertainment,25385277440.0,16300000256.0,2263000064.0,4.91,,,,5351000064.0,3324000000.0,2585125120.0,0.35472,0.22361,,12.15886
FOX,Fox Corporation,Communication Services,Entertainment,25385279488.0,16300000256.0,2263000064.0,4.91,,,,5351000064.0,3324000000.0,2585125120.0,0.35472,0.22361,,11.10998
BEN,"Franklin Resources, Inc.",Financial Services,Asset Management,13322544128.0,8638199808.0,270900000.0,0.51,,,,3253900032.0,1644999936.0,1699887488.0,0.37570998,0.103199996,,50.313725
FCX,"Freeport-McMoRan, Inc.",Basic Materials,Copper,63748190208.0,25820000256.0,1918000000.0,1.32,,,,4489999872.0,6560999936.0,2174874880.0,0.39167,0.32076,,33.636364
GRMN,Garmin Ltd.,Technology,Scientific & Technical Instruments,46548901888.0,6758245888.0,1568435968.0,8.1,,,,2587246080.0,1335804032.0,765877504.0,0.58937,0.26028,,29.85432
IT,"Gartner, Inc.",Technology,Information Technology Services,19024076800.0,6420008960.0,1265344000.0,16.23,,,,2198703104.0,1623198976.0,1142548864.0,0.67959,0.19395,,15.476895
GE,GE Aerospace,Industrials,Aerospace & Defense,291833085952.0,41611001856.0,7584999936.0,7.02,,,,11459000320.0,6560000000.0,5096124928.0,0.319,0.20895,,39.202282
GEHC,GE HealthCare Technologies Inc.,Healthcare,Health Information Services,33662316544.0,19967000576.0,2240000000.0,4.88,,,,3736999936.0,1995000064.0,1583000064.0,0.41564,0.1462,,15.108607
GEV,GE Vernova Inc.,Industrials,Specialty Industrial Machinery,166865141760.0,36615000064.0,1156000000.0,4.11,,,,7491999744.0,3576000000.0,3577999872.0,0.18468,0.059159998,,149.14111
GEN,Gen Digital Inc.,Technology,Software - Infrastructure,18599243776.0,4227000064.0,597000000.0,0.96,,,,828000000.0,1366000000.0,1315374976.0,0.7982,0.36675,,31.458334
GNRC,Generac Holdlings Inc.,Industrials,Specialty Industrial Machinery,10869729280.0,4411654144.0,360451008.0,6.0,,,,223531008.0,682080000.0,379191872.0,0.39949,0.105349995,,30.875
GD,General Dynamics Corporation,Industrials,Aerospace & Defense,87307059200.0,50273001472.0,4086000128.0,14.9,,,,1523000064.0,5016999936.0,3491124992.0,0.15402001,0.1016,,21.783222
GIS,"General Mills, Inc.",Consumer Defensive,Packaged Foods,26376062976.0,19486599168.0,2284699904.0,4.1,,,,363900000.0,2918200064.0,1248349952.0,0.34602,0.13492,,12.031708
GM,General Motors Company,Consumer Cyclical,Auto Manufacturers,55782252544.0,187599994880.0,6524000256.0,6.55,,,,20938999808.0,23970000896.0,1409874944.0,0.109689996,0.04701,,8.945038
GPC,Genuine Parts Company,Consumer Cyclical,Auto Parts,19379689472.0,23770865664.0,808910016.0,5.81,,,,457992992.0,808451008.0,222243872.0,0.3688,0.06877,,23.981068
GILD,"Gilead Sciences, Inc.",Healthcare,Drug Manufacturers - General,140174311424.0,28863000576.0,6311000064.0,5.04,,,,6057999872.0,9868000256.0,8835000320.0,0.78533,0.39156,,22.414682
GPN,Global Payments Inc.,Industrials,Specialty Business Services,21548353536.0,10066208768.0,1473646976.0,5.87,,,,2611662080.0,3566917888.0,2865685248.0,0.62896,0.28652,,15.131176
GL,Globe Life Inc.,Financial Services,Insurance - Life,11336439808.0,5883393024.0,1065502016.0,12.5,,,,355846016.0,1417330048.0,1342722432.0,0.32554,0.23819,,11.196
GDDY,GoDaddy Inc.,Technology,Software - Infrastructure,20533368832.0,4752099840.0,808499968.0,5.61,,,,1154899968.0,1480300032.0,1225512448.0,0.63974,0.21871,,26.43672
GS,"Goldman Sachs Group, Inc. (The)",Financial Services,Capital Markets,225602813952.0,54793998336.0,14707000320.0,45.39,,,,983175987200.0,-22851999744.0,,0.82781,0.35735,,16.418816
HAL,Halliburton Company,Energy,Oil & Gas Equipment & Services,19379642368.0,22233999360.0,1862000000.0,2.13,,,,2038000000.0,3569999872.0,1702749952.0,0.17063999,0.13194,,10.671361
HIG,"The Hartford Insurance Group, I",Financial Services,Insurance - Property & Casualty,37201866752.0,27441999872.0,3224000000.0,11.01,,,,3815000064.0,5827999744.0,6151625216.0,0.35419998,0.18549,,12.017257
HAS,"Hasbro, Inc.",Consumer Cyclical,Leisure,11382711296.0,4250800128.0,-568300032.0,-4.07,,,,546600000.0,691699968.0,476912512.0,0.63303,0.22808,,
HCA,"HCA Healthcare, Inc.",Healthcare,Medical Care Facilities,94524211200.0,72698003456.0,5970999808.0,23.79,,,,1040000000.0,11934999552.0,5593999872.0,0.40890998,0.15946999,,16.980244
DOC,"Healthpeak Properties, Inc.",Real Estate,REIT - Healthcare Facilities,12466919424.0,2795621888.0,163996992.0,0.24,,,,99358000.0,1244647040.0,651284864.0,0.60089,0.17898001,,74.75001
HSIC,"Henry Schein, Inc.",Healthcare,Medical Distribution,8437827584.0,12773000192.0,389000000.0,3.11,,,,145000000.0,512000000.0,358249984.0,0.31332,0.05401,,22.372992
HSY,The Hershey Company,Consumer Defensive,Confectioners,37250535424.0,11295170560.0,1529814016.0,7.53,,,,912345024.0,2145753984.0,1026448384.0,0.40120998,0.07633,,24.40239
HPE,Hewlett Packard Enterprise Comp,Technology,Communication Equipment,29616805888.0,31648999424.0,1372000000.0,1.04,,,,10997000192.0,2332999936.0,80375000.0,0.30336002,0.04982,,21.701923
HLT,Hilton Worldwide Holdings Inc.,Consumer Cyclical,Lodging,64927653888.0,4826999808.0,1588999936.0,6.49,,,,371000000.0,2356000000.0,2054000000.0,0.77087,0.58446,,42.53621
HOLX,"Hologic, Inc.",Healthcare,Medical Instruments & Supplies,14928764928.0,4038899968.0,557100032.0,2.41,,,,1883299968.0,1069000000.0,760112512.0,0.60858,0.25483,,27.850622
HD,"Home Depot, Inc. (The)",Consumer Cyclical,Home Improvement Retail,404893564928.0,165054005248.0,14629000192.0,14.73,,,,2804000000.0,17871998976.0,11005500416.0,0.33348,0.14478,,27.615072
HON,Honeywell International Inc.,Industrials,Conglomerates,139359895552.0,39990001664.0,5717000192.0,8.78,,,,10677000192.0,6193999872.0,4571874816.0,0.38077,0.21426001,,25.0
HRL,Hormel Foods Corporation,Consumer Defensive,Packaged Foods,13991949312.0,12058590208.0,754529984.0,1.37,,,,630668992.0,930966016.0,358622496.0,0.16363001,0.08015,,18.569344
HST,"Host Hotels & Resorts, Inc.",Real Estate,REIT - Hotel & Motel,11985559552.0,5937999872.0,659000000.0,0.94,,,,490000000.0,1428999936.0,1295500032.0,0.29151,0.17107001,,18.30851
HWM,Howmet Aerospace Inc.,Industrials,Aerospace & Defense,70184239104.0,7720999936.0,1395000064.0,3.41,,,,545000000.0,1423000064.0,703124992.0,0.32535,0.25037,,51.055717
HPQ,HP Inc.,Technology,Computer Hardware,26676396032.0,54711001088.0,2640000000.0,2.75,,,,2871000064.0,3696000000.0,2767624960.0,0.20893,0.06008,,10.378182
HUBB,Hubbell Inc,Industrials,Electrical Equipment & Parts,22902808576.0,5626399744.0,829100032.0,15.39,,,,399600000.0,957400000.0,481537504.0,0.34809,0.22535999,,28.004547
HUM,Humana Inc.,Healthcare,Healthcare Plans,36521795584.0,123109998592.0,1576000000.0,13.06,,,,21707999232.0,2932000000.0,-1002499968.0,0.15035,0.03578,,23.251148
HBAN,Huntington Bancshares Incorpora,Financial Services,Banks - Regional,25983184896.0,7241999872.0,1988000000.0,1.34,,,,11642000384.0,2103000064.0,,0.0,0.36378,,13.291044
HII,"Huntington Ingalls Industries, ",Industrials,Aerospace & Defense,10625961984.0,11569000448.0,525000000.0,13.38,,,,343000000.0,1032000000.0,750875008.0,0.123780005,0.06554,,20.238417
IBM,International Business Machines,Technology,Information Technology Services,226815557632.0,64040001536.0,5857999872.0,6.21,,,,15447000064.0,13281999872.0,13859999744.0,0.5757,0.18319,,39.20934
IEX,IDEX Corporation,Industrials,Specialty Industrial Machinery,12384759808.0,3340800000.0,469400000.0,6.19,,,,568200000.0,645299968.0,494824992.0,0.44576,0.21955,,26.57512
IDXX,"IDEXX Laboratories, Inc.",Healthcare,Diagnostics & Research,51770245120.0,4037714944.0,985656000.0,12.04,,,,164594000.0,905809024.0,625739008.0,0.6154,0.33624,,53.745018
ITW,Illinois Tool Works Inc.,Industrials,Specialty Industrial Machinery,77145473024.0,15790000128.0,3364999936.0,11.38,,,,788000000.0,3147000064.0,2327000064.0,0.43743,0.26598,,23.25571
INCY,Incyte Corporation,Healthcare,Biotechnology,16522302464.0,4584995840.0,870870016.0,4.23,,,,2421737984.0,1002897024.0,680372096.0,0.53223,0.25634,,20.002363
IR,Ingersoll Rand Inc.,Industrials,Specialty Industrial Machinery,31569690624.0,7364299776.0,522600000.0,1.29,,,,1321900032.0,1432300032.0,1128787456.0,0.43735,0.1935,,61.573647
PODD,Insulet Corporation,Healthcare,Medical Devices,23925002240.0,2359500032.0,236100000.0,3.3,,,,1121600000.0,516200000.0,112662496.0,0.70176005,0.18656999,,102.99394
INTC,Intel Corporation,Technology,Semiconductors,106579460096.0,53070000128.0,-20504000512.0,-4.77,,,,21205999616.0,10081999872.0,-8320625152.0,0.32921,-0.03803,,
IBKR,"Interactive Brokers Group, Inc.",Financial Services,Capital Markets,105796804608.0,5637000192.0,838000000.0,1.9,,,,110247002112.0,15143000064.0,,0.90988,0.7468,,32.757896
ICE,Intercontinental Exchange Inc.,Financial Services,Financial Data & Stock Exchanges,101089902592.0,9688000512.0,3003000064.0,5.21,,,,1003000000.0,4876000256.0,3975624960.0,1.0,0.51396,,33.896355
IFF,International Flavors & Fragran,Basic Materials,Specialty Chemicals,17301936128.0,11303000064.0,-393000000.0,-1.54,,,,816000000.0,1102000000.0,3240750080.0,0.36247003,0.09515,,
IP,International Paper Company,Consumer Cyclical,Packaging & Containers,26230147072.0,21934000128.0,-27000000.0,-0.06,,,,1135000064.0,1106000000.0,744875008.0,0.29023,0.03813,,
IPG,"Interpublic Group of Companies,",Communication Services,Advertising Agencies,9830579200.0,8846600192.0,441700000.0,1.18,,,,1564400000.0,958899968.0,934275008.0,0.236,0.17042999,,22.745764
INTU,Intuit Inc.,Technology,Software - Application,186057654272.0,18830999552.0,3868999936.0,13.67,,,,,6207000064.0,5082874880.0,0.80394,0.15697,,48.792976
ISRG,"Intuitive Surgical, Inc.",Healthcare,Medical Instruments & Supplies,169665380352.0,9144999936.0,2607600128.0,7.15,,,,5326499840.0,2826099968.0,1824712448.0,0.66612,0.30466998,,66.19511
IVZ,Invesco Ltd,Financial Services,Asset Management,9762151424.0,6153099776.0,422900000.0,0.93,,,,922700032.0,1218599936.0,934812480.0,0.28087,0.14134,,23.537634
INVH,Invitation Homes Inc.,Real Estate,REIT - Residential,19181021184.0,2647486976.0,544206976.0,0.89,,,,85391000.0,1129400960.0,984692096.0,0.58504003,0.27708998,,35.157307
IQV,"IQVIA Holdings, Inc.",Healthcare,Diagnostics & Research,32437700608.0,15699999744.0,1236999936.0,6.91,,,,2188000000.0,2616999936.0,2451624960.0,0.34248,0.13393,,27.613604
IRM,Iron Mountain Incorporated (Del,Real Estate,REIT - Specialty,27269480448.0,6443113984.0,41343000.0,0.14,,,,218984992.0,1256918016.0,-908652992.0,0.5604,0.18347,,659.5
JBHT,"J.B. Hunt Transport Services, I",Industrials,Integrated Freight & Logistics,14034930688.0,12064092160.0,553884032.0,5.5,,,,50901000.0,1462380032.0,309156736.0,0.18792,0.06737,,26.361818
JBL,Jabil Inc.,Technology,Electronic Components,21982150656.0,28514000896.0,577000000.0,5.24,,,,1548999936.0,1587000064.0,1401750016.0,0.08859,0.049050003,,39.089695
JKHY,"Jack Henry & Associates, Inc.",Technology,Information Technology Services,11896984576.0,2375288064.0,455748000.0,6.24,,,,101953000.0,641504000.0,356150112.0,0.42712003,0.25301,,26.163462
J,Jacobs Solutions Inc.,Industrials,Engineering & Construction,17479749632.0,11835288576.0,484961984.0,3.9,,,,1293307008.0,500151008.0,1106516736.0,0.25030002,0.08728,,37.49487
JNJ,Johnson & Johnson,Healthcare,Drug Manufacturers - General,426685595648.0,90626998272.0,22660999168.0,9.34,,,,18880000000.0,23028000768.0,11079499776.0,0.68412,0.28905,,18.96895
JCI,Johnson Controls International ,Industrials,Building Products & Equipment,69947211776.0,23402000384.0,1990000000.0,3.0,,,,731000000.0,3367000064.0,2771124992.0,0.36360002,0.13665,,35.63
JPM,JP Morgan Chase & Co.,Financial Services,Banks - Diversified,828829663232.0,163748003840.0,55154999296.0,19.5,,,,1537592000512.0,-148615004160.0,,0.0,0.43749002,,15.457437
K,Kellanova,Consumer Defensive,Packaged Foods,27639685120.0,12643000320.0,1335000064.0,3.82,,,,360000000.0,1304999936.0,605750016.0,0.35639998,0.14267999,,20.81152
KVUE,Kenvue Inc.,Consumer Defensive,Household & Personal Products,39743938560.0,15141000192.0,1418000000.0,0.75,,,,1070000000.0,2091000064.0,1916499968.0,0.58153,0.19797,,27.613333
KDP,Keurig Dr Pepper Inc.,Consumer Defensive,Beverages - Non-Alcoholic,39517016064.0,15758999552.0,1536000000.0,1.13,,,,509000000.0,2116999936.0,1366499968.0,0.54934,0.21570998,,25.743362
KEY,KeyCorp,Financial Services,Banks - Regional,21228625920.0,4743000064.0,31000000.0,-0.08,,,,3409999872.0,1616000000.0,,0.0,0.31836998,,
KEYS,Keysight Technologies Inc.,Technology,Scientific & Technical Instruments,28081033216.0,5242999808.0,544000000.0,3.15,,,,2636000000.0,1543000064.0,421624992.0,0.62369,0.18121,,51.882534
KMB,Kimberly-Clark Corporation,Consumer Defensive,Household & Personal Products,42846068736.0,19718000640.0,2449999872.0,7.31,,,,634000000.0,2872000000.0,1951374976.0,0.36003,0.16214001,,17.66621
KIM,Kimco Realty Corporation (HC),Real Estate,REIT - Retail,15230227456.0,2094828032.0,559116992.0,0.82,,,,226552992.0,1064686976.0,794424640.0,0.68894994,0.33234,,27.426828
KMI,"Kinder Morgan, Inc.",Energy,Oil & Gas Midstream,59951718400.0,15969000448.0,2708000000.0,1.22,,,,87000000.0,5569999872.0,292624992.0,0.49997002,0.28500998,,22.114754
KKR,KKR & Co. Inc.,Financial Services,Asset Management,129100374016.0,21419978752.0,1999090944.0,2.12,,,,40075898880.0,4753084928.0,,0.59585,0.24757999,,65.79717
KLAC,KLA Corporation,Technology,Semiconductor Equipment & Materials,115069992960.0,12156162048.0,4061643008.0,30.35,,,,4494623232.0,4081903104.0,2753067008.0,0.6091,0.42578998,,28.731466
KHC,The Kraft Heinz Company,Consumer Defensive,Packaged Foods,33105291264.0,25309999104.0,-5271000064.0,-4.46,,,,2564000000.0,4400000000.0,2745499904.0,0.34307,0.20702,,
KR,Kroger Company (The),Consumer Defensive,Grocery Stores,44852817920.0,146972000256.0,2564999936.0,3.67,,,,4737999872.0,5600999936.0,2607624960.0,0.23811,0.03232,,18.485012
LHX,"L3Harris Technologies, Inc.",Industrials,Aerospace & Defense,51941314560.0,21372999680.0,1696999936.0,8.94,,,,482000000.0,2507000064.0,2885874944.0,0.25738,0.12827,,31.053692
LH,Labcorp Holdings Inc.,Healthcare,Diagnostics & Research,23100968960.0,13483799552.0,763400000.0,9.06,,,,647299968.0,1693600000.0,1032112512.0,0.28144,0.113000005,,30.68322
LRCX,Lam Research Corporation,Technology,Semiconductor Equipment & Materials,126751842304.0,18435590144.0,5358217216.0,4.15,,,,6390659072.0,6173263872.0,4422444032.0,0.48705003,0.33668,,24.13253
LW,"Lamb Weston Holdings, Inc.",Consumer Defensive,Packaged Foods,8017093632.0,6451299840.0,357200000.0,2.5,,,,70700000.0,868300032.0,79050000.0,0.22847,0.12883,,23.012
LVS,Las Vegas Sands Corp.,Consumer Cyclical,Resorts & Casinos,39560347648.0,11614999552.0,1412000000.0,1.98,,,,3449999872.0,2380000000.0,832249984.0,0.79363,0.24913,,29.10606
LDOS,"Leidos Holdings, Inc.",Technology,Information Technology Services,23211493376.0,17052999680.0,1402000000.0,10.6,,,,931000000.0,1442000000.0,809000000.0,0.17557,0.13284999,,17.067924
LEN,Lennar Corporation,Consumer Cyclical,Residential Construction,34296995840.0,35371978752.0,3223589120.0,12.08,,,,6470638080.0,409688992.0,9169506304.0,0.20584999,0.08146,,11.021523
LII,"Lennox International, Inc.",Industrials,Building Products & Equipment,19594440704.0,5416600064.0,834600000.0,23.37,,,,55100000.0,835500032.0,485300000.0,0.33133,0.23119,,23.870773
LLY,Eli Lilly and Company,Healthcare,Drug Manufacturers - General,656726491136.0,53258100736.0,13799900160.0,15.31,,,,3545999872.0,10938200064.0,-2265437440.0,0.82638,0.45805,,47.84977
LIN,Linde plc,Basic Materials,Specialty Chemicals,224274972672.0,33244999680.0,6713999872.0,14.06,,,,4785999872.0,9912000512.0,3551624960.0,0.48446,0.28264,,34.01778
LYV,"Live Nation Entertainment, Inc.",Communication Services,Entertainment,38617358336.0,23721437184.0,547870016.0,2.35,,,,7056974848.0,1868942976.0,1802233600.0,0.25239,0.06933,,70.84682
LKQ,LKQ Corporation,Consumer Cyclical,Auto Parts,8392897024.0,14046000128.0,708000000.0,2.74,,,,289000000.0,948000000.0,526124992.0,0.39214,0.08786,,11.905109
LMT,Lockheed Martin Corporation,Industrials,Aerospace & Defense,106373652480.0,71844003840.0,4204000000.0,17.82,,,,1292999936.0,5071000064.0,3821625088.0,0.08254,0.038829997,,25.568462
L,Loews Corporation,Financial Services,Insurance - Property & Casualty,20078837760.0,18061000704.0,1348999936.0,6.3,,,,5522999808.0,3616999936.0,3393625088.0,0.36028,0.13787,,15.365079
LOW,"Lowe's Companies, Inc.",Consumer Cyclical,Home Improvement Retail,144726507520.0,83612000256.0,6840000000.0,12.18,,,,4860000256.0,9820000256.0,6458250240.0,0.33464,0.14479,,21.187191
LULU,lululemon athletica inc.,Consumer Cyclical,Apparel Retail,24233871360.0,10749894656.0,1807767040.0,14.7,,,,1325272064.0,2026235008.0,1183213952.0,0.59339,0.18502001,,13.755102
LYB,LyondellBasell Industries NV,Basic Materials,Specialty Chemicals,18124863488.0,38655000576.0,150000000.0,0.47,,,,1718000000.0,2356999936.0,545374976.0,0.086969994,0.04087,,119.893616
MTB,M&T Bank Corporation,Financial Services,Banks - Regional,31513204736.0,8903999488.0,2544000000.0,15.43,,,,21763000320.0,3127000064.0,,0.0,0.42536,,13.069345
MPC,Marathon Petroleum Corporation,Energy,Oil & Gas Refining & Marketing,54635438080.0,133861998592.0,2132999936.0,6.88,,,,1672999936.0,6465999872.0,1676625024.0,0.08796,0.058229998,,26.12064
MKTX,"MarketAxess Holdings, Inc.",Financial Services,Capital Markets,6868960768.0,837156992.0,222842000.0,5.94,,,,563161984.0,404680000.0,359472128.0,0.61847,0.41859,,30.949493
MAR,Marriott International,Consumer Cyclical,Lodging,72712732672.0,6783000064.0,2467000064.0,8.89,,,,671000000.0,2488000000.0,1501874944.0,0.8169,0.68653,,30.130482
MMC,"Marsh & McLennan Companies, Inc",Financial Services,Insurance Brokers,101181136896.0,25799000064.0,4127000064.0,8.34,,,,1676999936.0,4917000192.0,4343499776.0,0.44215,0.26914,,24.677458
MLM,"Martin Marietta Materials, Inc.",Basic Materials,Building Materials,37172621312.0,6685000192.0,1100000000.0,18.06,,,,225000000.0,1891000064.0,639500032.0,0.29723,0.25676,,34.130676
MAS,Masco Corporation,Industrials,Building Products & Equipment,15365223424.0,7663000064.0,805000000.0,3.77,,,,390000000.0,971000000.0,689750016.0,0.3637,0.20087999,,19.466843
MA,Mastercard Incorporated,Financial Services,Credit Services,538149289984.0,30240999424.0,13585999872.0,14.82,,,,9367000064.0,16952999936.0,15459624960.0,1.0,0.59916,,40.168015
MTCH,"Match Group, Inc.",Communication Services,Internet Content & Information,8984825856.0,3450575872.0,537811968.0,2.02,,,,340415008.0,956609984.0,811294272.0,0.72003,0.22451,,18.48515
MKC,"McCormick & Company, Incorporat",Consumer Defensive,Packaged Foods,18881257472.0,6742799872.0,775600000.0,2.87,,,,124100000.0,781800000.0,428837504.0,0.38542998,0.15649,,24.519165
MCD,McDonald's Corporation,Consumer Cyclical,Restaurants,223743393792.0,26059999232.0,8392999936.0,11.66,,,,1879000064.0,9793999872.0,5429000192.0,0.56992,0.47654998,,26.890224
MCK,McKesson Corporation,Healthcare,Medical Distribution,85407031296.0,377595002880.0,3164000000.0,24.99,,,,2417999872.0,6546999808.0,5286374912.0,0.03451,0.012920001,,27.476591
MDT,Medtronic plc.,Healthcare,Medical Devices,119046463488.0,34200000512.0,4659999744.0,3.62,,,,8120999936.0,7145999872.0,4436749824.0,0.65383005,0.18163,,25.638123
MRK,"Merck & Company, Inc.",Healthcare,Drug Manufacturers - General,210113265664.0,63616000000.0,16405999616.0,6.49,,,,8622000128.0,18534000640.0,15555000320.0,0.77411,0.37473,,12.96148
META,"Meta Platforms, Inc.",Communication Services,Internet Content & Information,1855717900288.0,178803998720.0,71507001344.0,27.55,,,,47070998528.0,102299000832.0,31991250944.0,0.81966,0.43019,,26.813068
MET,"MetLife, Inc.",Financial Services,Insurance - Life,54106513408.0,73011003392.0,4091000064.0,5.89,,,,30479998976.0,15228999680.0,2865125120.0,0.25726,0.05606,,13.813243
MTD,"Mettler-Toledo International, I",Healthcare,Diagnostics & Research,26800123904.0,3866627072.0,829752000.0,39.42,,,,61825000.0,951667968.0,689753600.0,0.59937,0.27371,,33.00457
MGM,MGM Resorts International,Consumer Cyclical,Resorts & Casinos,10803260416.0,17211652096.0,536368000.0,1.83,,,,2164406016.0,2531934976.0,891623488.0,0.44951,0.086,,21.688524
MCHP,Microchip Technology Incorporat,Technology,Semiconductors,35079200768.0,4235800064.0,-178400000.0,-0.34,,,,566499968.0,796600000.0,993012480.0,0.54481,0.05049,,
MU,"Micron Technology, Inc.",Technology,Semiconductors,133187657728.0,33813000192.0,6224999936.0,5.55,,,,10810999808.0,15200000000.0,1219874944.0,0.37133998,0.2332,,21.443243
MSFT,Microsoft Corporation,Technology,Software - Infrastructure,3766312763392.0,281723994112.0,101831999488.0,13.63,,,,94564999168.0,136162000896.0,61070376960.0,0.68824,0.44901,,37.174614
MAA,Mid-America Apartment Communiti,Real Estate,REIT - Residential,17501462528.0,2200154880.0,567833024.0,4.86,,,,54482000.0,1098732032.0,976103744.0,0.58847,0.27533,,30.004116
MRNA,"Moderna, Inc.",Healthcare,Biotechnology,9372937216.0,3078000128.0,-2903000064.0,-7.51,,,,5130999808.0,-2696999936.0,-2864375040.0,-0.71442,-6.38732,,
MHK,"Mohawk Industries, Inc.",Consumer Cyclical,"Furnishings, Fixtures & Appliances",8244281856.0,10684099584.0,474300000.0,7.52,,,,546700032.0,926600000.0,557837504.0,0.25296,0.07783,,17.644947
MOH,Molina Healthcare Inc,Healthcare,Healthcare Plans,9800985600.0,41702998016.0,1130000000.0,20.27,,,,8808999936.0,537000000.0,512375008.0,0.11387999,0.03392,,8.921065
TAP,Molson Coors Beverage Company,Consumer Defensive,Beverages - Brewers,9992627200.0,11283200000.0,1037299968.0,5.07,,,,613800000.0,1643299968.0,661387520.0,0.38755,0.18505,,9.95858
MDLZ,"Mondelez International, Inc.",Consumer Defensive,Confectioners,79500279808.0,37105000448.0,3640999936.0,2.73,,,,1504000000.0,4164000000.0,3524875008.0,0.32548,0.13413,,22.505493
MPWR,"Monolithic Power Systems, Inc.",Technology,Semiconductors,40026218496.0,2543911936.0,1861309952.0,38.19,,,,1146077056.0,893408000.0,510800512.0,0.55312,0.24791999,,21.884264
MNST,Monster Beverage Corporation,Consumer Defensive,Beverages - Non-Alcoholic,60938874880.0,7659164160.0,1573416960.0,1.61,,,,2072179968.0,2053715968.0,1438209536.0,0.55184,0.29912,,38.763973
MCO,Moody's Corporation,Financial Services,Financial Data & Stock Exchanges,91430051840.0,7306999808.0,2132000000.0,11.78,,,,2289999872.0,2676999936.0,2084249984.0,0.7278,0.44679,,43.273346
MS,Morgan Stanley,Financial Services,Capital Markets,240217227264.0,65612001280.0,14140999680.0,8.83,,,,563002015744.0,-17670000640.0,,0.86474997,0.34117,,17.041903
MOS,Mosaic Company (The),Basic Materials,Agricultural Inputs,10600425472.0,11253399552.0,940000000.0,2.95,,,,286200000.0,1184600064.0,340312512.0,0.15335,0.09595,,11.322034
MSI,"Motorola Solutions, Inc.",Technology,Communication Equipment,78713724928.0,11093000192.0,2116000000.0,12.43,,,,3206000128.0,2612000000.0,2032499968.0,0.5151,0.26727,,38.00965
MSCI,MSCI Inc.,Financial Services,Financial Data & Stock Exchanges,43921768448.0,2986718976.0,1178665984.0,15.1,,,,343683008.0,1490116992.0,1117176576.0,0.82181,0.54545,,37.597347
NDAQ,"Nasdaq, Inc.",Financial Services,Financial Data & Stock Exchanges,54361337856.0,8111000064.0,1508000000.0,2.6,,,,743000000.0,2358000128.0,1904000000.0,0.60597,0.29233998,,36.43846
NTAP,"NetApp, Inc.",Technology,Software - Infrastructure,22569166848.0,6590000128.0,1171000064.0,5.65,,,,3329999872.0,1838000000.0,1428375040.0,0.7,0.19949,,19.962831
NFLX,"Netflix, Inc.",Communication Services,Entertainment,513416855552.0,41693184000.0,10247879680.0,23.44,,,,8390519808.0,9070451712.0,22694656000.0,0.48491,0.3407,,51.5465
NEM,Newmont Corporation,Basic Materials,Gold,81724686336.0,20583999488.0,6227999744.0,5.52,,,,6653000192.0,8574000128.0,9163750400.0,0.55694,0.45458,,13.478261
NWSA,News Corporation,Communication Services,Entertainment,17419601920.0,8451999744.0,480000000.0,0.84,,,,2409999872.0,1134000000.0,370500000.0,0.56188,0.09104,,35.011906
NWS,News Corporation,Communication Services,Entertainment,17419612160.0,8451999744.0,480000000.0,0.84,,,,2409999872.0,1134000000.0,370500000.0,0.56188,0.09104,,40.32143
NEE,"NextEra Energy, Inc.",Utilities,Utilities - Regulated Electric,148371849216.0,25898999808.0,5918000128.0,2.87,,,,1728000000.0,12208000000.0,-13566249984.0,0.61974996,0.33851,,25.104532
NKE,"Nike, Inc.",Consumer Cyclical,Footwear & Accessories,114267758592.0,46308999168.0,3219000064.0,2.16,,,,9150999552.0,3697999872.0,3720124928.0,0.42735,0.02893,,35.819443
NI,NiSource Inc,Utilities,Utilities - Regulated Gas,19903041536.0,6130299904.0,884600000.0,1.88,,,,335400000.0,2061600000.0,-463437504.0,0.50407004,0.20459999,,22.484043
NDSN,Nordson Corporation,Industrials,Specialty Industrial Machinery,12646974464.0,2784348928.0,455008000.0,7.95,,,,147788000.0,612644992.0,366817376.0,0.5456,0.25528,,28.313208
NSC,Norfolk Southern Corporation,Industrials,Railroads,62814633984.0,12177999872.0,3347000064.0,14.81,,,,1303000064.0,4204000000.0,1454625024.0,0.49729002,0.37267,,18.904795
NTRS,Northern Trust Corporation,Financial Services,Asset Management,25029974016.0,7850999808.0,1676999936.0,8.52,,,,11184600064.0,2595599872.0,,0.0,0.28505,,15.40845
NOC,Northrop Grumman Corporation,Industrials,Aerospace & Defense,84483702784.0,40500998144.0,3944999936.0,27.08,,,,1899000064.0,2972000000.0,2474125056.0,0.19328,0.12859,,21.788773
NCLH,Norwegian Cruise Line Holdings ,Consumer Cyclical,Travel Services,11226115072.0,9560993792.0,719164992.0,1.46,,,,184015008.0,1965831040.0,-705337024.0,0.41352,0.16836001,,17.013699
NRG,"NRG Energy, Inc.",Utilities,Utilities - Independent Power Producers,28155817984.0,29366999040.0,455000000.0,2.31,,,,180000000.0,2288999936.0,2119500032.0,0.17254,0.00638,,63.01299
NUE,Nucor Corporation,Basic Materials,Steel,34138740736.0,30805999616.0,1290000000.0,5.58,,,,2483000064.0,3129999872.0,-670734016.0,0.10488,0.10868,,26.654121
NVDA,NVIDIA Corporation,Technology,Semiconductors,4239080554496.0,165217992704.0,86597001216.0,3.52,,,,56790999040.0,77035003904.0,52436750336.0,0.69847,0.60842997,,49.463352
NVR,"NVR, Inc.",Consumer Cyclical,Residential Construction,22429878272.0,10717672448.0,1520067968.0,472.45,,,,1726865024.0,1238198016.0,1208608512.0,0.24601999,0.17766,,17.18203
NXPI,NXP Semiconductors N.V.,Technology,Semiconductors,59209211904.0,12122000384.0,2148000000.0,8.38,,,,3169999872.0,2513999872.0,1407874944.0,0.557,0.25768998,,28.02506
ORLY,"O'Reilly Automotive, Inc.",Consumer Cyclical,Auto Parts,87972167680.0,17122020352.0,2423674112.0,2.79,,,,198612992.0,2908467968.0,1294162048.0,0.51397,0.20209,,37.16129
OXY,Occidental Petroleum Corporatio,Energy,Oil & Gas E&P,46869188608.0,27150000128.0,1730000000.0,1.7,,,,2326000128.0,12145999872.0,4515250176.0,0.63941,0.14874,,28.005882
ODFL,"Old Dominion Freight Line, Inc.",Industrials,Trucking,31729063936.0,5638622208.0,1095010048.0,5.12,,,,24057000.0,1469901056.0,555056896.0,0.3939,0.25424,,29.486328
OMC,Omnicom Group Inc.,Communication Services,Advertising Agencies,15174323200.0,15910800384.0,1379200000.0,6.99,,,,3300400128.0,1916999936.0,1729062528.0,0.18574,0.14792,,11.206009
ON,ON Semiconductor Corporation,Technology,Semiconductors,20281022464.0,6398799872.0,465800000.0,1.05,,,,2826700032.0,1832099968.0,1003475008.0,0.37884998,0.16518,,47.228573
OKE,"ONEOK, Inc.",Energy,Oil & Gas Midstream,48100765696.0,27953000448.0,3092000000.0,5.13,,,,97000000.0,5290999808.0,1448999936.0,0.33682,0.18423,,14.888888
ORCL,Oracle Corporation,Technology,Software - Infrastructure,635160756224.0,57399001088.0,12442999808.0,4.34,,,,11203000320.0,20821000192.0,678000000.0,0.7051,0.32484,,52.103687
OTIS,Otis Worldwide Corporation,Industrials,Specialty Industrial Machinery,33901989888.0,14168000512.0,1512999936.0,3.78,,,,688000000.0,1488999936.0,1437250048.0,0.30244,0.16885,,22.85185
PCAR,PACCAR Inc.,Industrials,Farm & Heavy Construction Machinery,52499800064.0,31099600896.0,3072999936.0,5.83,,,,8279699968.0,4475599872.0,204050000.0,0.15719,0.11505,,17.14923
PKG,Packaging Corporation of Americ,Consumer Cyclical,Packaging & Containers,19611779072.0,8640799744.0,898400000.0,10.03,,,,880300032.0,1291200000.0,521162496.0,0.22195,0.14807001,,21.730808
PLTR,Palantir Technologies Inc.,Technology,Software - Infrastructure,371769409536.0,3440587008.0,763292032.0,0.3,,,,6000421888.0,1729613056.0,1269297536.0,0.8003,0.26833,,522.36664
PANW,"Palo Alto Networks, Inc.",Technology,Software - Infrastructure,127255166976.0,9221499904.0,1133900032.0,1.6,,,,2903200000.0,3716000000.0,2274337536.0,0.73414004,0.20392,,119.075005
PSKY,Paramount Skydance Corporation,Communication Services,Entertainment,16113404928.0,28756000768.0,-19000000.0,0.03,,,,2739000064.0,772000000.0,14548875264.0,0.31774,0.10264,,490.0
PH,Parker-Hannifin Corporation,Industrials,Specialty Industrial Machinery,96195977216.0,19850000384.0,3531000064.0,27.11,,,,467000000.0,3776000000.0,3011249920.0,0.37008,0.2194,,28.009958
PAYX,"Paychex, Inc.",Technology,Software - Application,50237829120.0,5571700224.0,1657299968.0,4.57,,,,1663100032.0,1900899968.0,1509437440.0,0.72353,0.38723,,30.515316
PAYC,"Paycom Software, Inc.",Technology,Software - Application,12778686464.0,1959900032.0,415700000.0,7.41,,,,532200000.0,558200000.0,430132000.0,0.86168,0.23222,,30.65452
PYPL,"PayPal Holdings, Inc.",Financial Services,Credit Services,67057983488.0,32291999744.0,4679000064.0,4.67,,,,10008000512.0,6065999872.0,1010249984.0,0.41682,0.19293,,15.029979
PNR,Pentair plc.,Industrials,Specialty Industrial Machinery,17627500544.0,4099800064.0,609400000.0,3.66,,,,143000000.0,902800000.0,741350016.0,0.40139,0.25545,,29.37978
PEP,"Pepsico, Inc.",Consumer Defensive,Beverages - Non-Alcoholic,203513741312.0,91747999744.0,7550000128.0,5.49,,,,7973000192.0,12188000256.0,7594375168.0,0.54685,0.17491,,27.076502
PFE,"Pfizer, Inc.",Healthcare,Drug Manufacturers - General,140774227968.0,63833001984.0,10727999488.0,1.89,,,,13249000448.0,15187999744.0,16017999872.0,0.73819,0.28684,,13.10053
PCG,Pacific Gas & Electric Co.,Utilities,Utilities - Regulated Electric,33582993408.0,24452999168.0,2351000064.0,1.08,,,,494000000.0,8967999488.0,-4533499904.0,0.37995,0.21872,,14.148148
PM,Philip Morris International Inc,Consumer Defensive,Tobacco,260152885248.0,39058001920.0,8207000064.0,6.75,,,,4140999936.0,10405999616.0,7828749824.0,0.66440004,0.50089,,24.76
PSX,Phillips 66,Energy,Oil & Gas Refining & Marketing,53982883840.0,132965998592.0,1708000000.0,4.21,,,,1052000000.0,3361999872.0,-119125000.0,0.09988,0.0442,,31.729216
PNW,Pinnacle West Capital Corporati,Utilities,Utilities - Regulated Electric,10671996928.0,5255240192.0,576059008.0,4.86,,,,18841000.0,1736011008.0,-492301760.0,0.40884998,0.22907,,18.386831
PNC,"PNC Financial Services Group, I",Financial Services,Banks - Regional,81691328512.0,21240000512.0,5832000000.0,14.62,,,,11075999744.0,6057999872.0,,0.0,0.37432998,,14.188783
POOL,Pool Corporation,Industrials,Industrial Distribution,11595075584.0,5276414976.0,408775008.0,10.84,,,,83669000.0,485540000.0,333340256.0,0.29455,0.1528,,28.663282
PPG,"PPG Industries, Inc.",Basic Materials,Specialty Chemicals,25104611328.0,15640000512.0,1271000064.0,5.53,,,,1635000064.0,1484000000.0,623124992.0,0.41662,0.14136,,20.113924
PPL,PPL Corporation,Utilities,Utilities - Regulated Electric,26970114048.0,8805999616.0,986000000.0,1.33,,,,294000000.0,2407000064.0,-906000000.0,0.41347,0.21235001,,27.421053
PFG,Principal Financial Group Inc,Financial Services,Asset Management,17935052800.0,15130800128.0,1139699968.0,4.96,,,,4919900160.0,4376200192.0,1637699968.0,0.45146,0.14093,,16.231855
PG,Procter & Gamble Company (The),Consumer Defensive,Household & Personal Products,367845769216.0,84283998208.0,15683000320.0,6.52,,,,9555999744.0,17816999936.0,11380124672.0,0.51338,0.25147,,24.085888
PGR,Progressive Corporation (The),Financial Services,Insurance - Property & Casualty,144875978752.0,82375999488.0,10432000000.0,17.74,,,,2228000000.0,16800000000.0,13717175296.0,0.1688,0.18417999,,13.92672
PLD,"Prologis, Inc.",Real Estate,REIT - Industrial,105595002880.0,8914973696.0,3442871040.0,3.71,,,,1066268032.0,5172766208.0,5036831232.0,0.76328003,0.42019,,30.668463
PRU,"Prudential Financial, Inc.",Financial Services,Insurance - Life,38594072576.0,59208998912.0,1612000000.0,4.54,,,,37033000960.0,2083000064.0,-10891374592.0,0.25239,0.05391,,24.154186
PEG,Public Service Enterprise Group,Utilities,Utilities - Regulated Electric,41089257472.0,11134000128.0,1980000000.0,3.96,,,,186000000.0,2516999936.0,-965750016.0,0.35351002,0.29697,,20.790403
PTC,PTC Inc.,Technology,Software - Application,25575804928.0,2471977984.0,512727008.0,4.25,,,,199320992.0,861779968.0,863937728.0,0.82164,0.32834,,50.235294
PSA,Public Storage,Real Estate,REIT - Industrial,51686694912.0,4758111232.0,1612307968.0,9.16,,,,1104603008.0,3145160960.0,2465391872.0,0.72709,0.47577998,,32.16048
PHM,"PulteGroup, Inc.",Consumer Cyclical,Residential Construction,26047283200.0,17694541824.0,2742435072.0,13.36,,,,1238157952.0,1445262976.0,800167616.0,0.27813,0.18341999,,9.881737
PWR,"Quanta Services, Inc.",Industrials,Engineering & Construction,56318308352.0,26052929536.0,971812992.0,6.46,,,,509460000.0,1990838016.0,949285632.0,0.15037,0.05404,,58.50774
QCOM,QUALCOMM Incorporated,Technology,Semiconductors,173427671040.0,43256999936.0,11573000192.0,10.37,,,,10010999808.0,12663000064.0,5465999872.0,0.55681,0.26647,,15.499517
DGX,Quest Diagnostics Incorporated,Healthcare,Diagnostics & Research,20311529472.0,10522000384.0,945000000.0,8.36,,,,319000000.0,1678000000.0,924499968.0,0.33264,0.15103,,21.727274
RL,Ralph Lauren Corporation,Consumer Cyclical,Apparel Manufacturing,17986326528.0,7285899776.0,794700032.0,12.53,,,,2276800000.0,1133900032.0,619862528.0,0.69029,0.16253,,23.697525
RJF,"Raymond James Financial, Inc.",Financial Services,Asset Management,33783625728.0,13770999808.0,2124999936.0,10.2,,,,15301999616.0,2148000000.0,,0.9313,0.18070999,,16.611765
RTX,RTX Corporation,Industrials,Aerospace & Defense,212292452352.0,83598999552.0,6145999872.0,4.55,,,,4782000128.0,5847000064.0,2800750080.0,0.20049,0.11547,,34.857143
O,Realty Income Corporation,Real Estate,REIT - Retail,53724618752.0,5477163008.0,908126976.0,1.03,,,,809246976.0,3661616128.0,2443675392.0,0.9265,0.43083,,57.048542
REG,Regency Centers Corporation,Real Estate,REIT - Retail,13242125312.0,1547928064.0,389904000.0,2.14,,,,159088000.0,824062976.0,644622528.0,0.71344,0.40392,,33.8785
REGN,"Regeneron Pharmaceuticals, Inc.",Healthcare,Biotechnology,61546651648.0,14214200320.0,4458599936.0,39.66,,,,7469599744.0,4743499776.0,2850962432.0,0.47351003,0.29641,,14.641957
RF,Regions Financial Corporation,Financial Services,Banks - Regional,24440313856.0,6810999808.0,1952999936.0,2.14,,,,,2680000000.0,,0.0,0.46976003,,12.799065
RSG,"Republic Services, Inc.",Industrials,Waste Management,73049178112.0,16366000128.0,2123000064.0,6.76,,,,122000000.0,4159000064.0,1870850048.0,0.43383,0.20542999,,34.610947
RMD,ResMed Inc.,Healthcare,Medical Instruments & Supplies,40192385024.0,5146327040.0,1400722944.0,9.5,,,,1209449984.0,1751587968.0,1207525632.0,0.59986,0.3387,,28.89579
RVTY,"Revvity, Inc.",Healthcare,Diagnostics & Research,10459337728.0,2798467072.0,278660000.0,2.3,,,,991849024.0,584588032.0,528368992.0,0.55917,0.14314,,39.17826
ROK,"Rockwell Automation, Inc.",Industrials,Specialty Industrial Machinery,38613209088.0,8061199872.0,966200000.0,8.52,,,,495000000.0,1521799936.0,1186137472.0,0.39534,0.17631,,40.30868
ROL,"Rollins, Inc.",Consumer Cyclical,Personal Services,27401545728.0,3570469888.0,489324992.0,1.01,,,,123035000.0,657118976.0,585044864.0,0.52686,0.19952999,,55.980198
ROP,"Roper Technologies, Inc.",Technology,Software - Application,56638324736.0,7468100096.0,1539600000.0,14.26,,,,242400000.0,2410400000.0,2110612480.0,0.68867993,0.28211,,36.908134
ROST,"Ross Stores, Inc.",Consumer Cyclical,Apparel Retail,48131772416.0,21497755648.0,2062835968.0,6.3,,,,3847015936.0,2474022912.0,1200386176.0,0.32485,0.115439996,,23.35873
RCL,Royal Caribbean Cruises Ltd.,Consumer Cyclical,Travel Services,98660720640.0,17184000000.0,3603000064.0,13.44,,,,735000000.0,5736999936.0,2445750016.0,0.50035,0.29374,,27.0253
SPGI,S&P Global Inc.,Financial Services,Financial Data & Stock Exchanges,167438729216.0,14700000256.0,4011000064.0,13.0,,,,1847000064.0,5583000064.0,4926624768.0,0.69558,0.4269,,42.18769
CRM,"Salesforce, Inc.",Technology,Software - Application,244974993408.0,38591000576.0,6205000192.0,6.38,,,,17408000000.0,13320999936.0,14429875200.0,0.77336997,0.20124,,40.164577
SBAC,SBA Communications Corporation,Real Estate,REIT - Specialty,21996589056.0,2724524032.0,878689024.0,8.15,,,,275275008.0,1284093056.0,-105770624.0,0.76015997,0.54181,,25.134972
SLB,Schlumberger N.V.,Energy,Oil & Gas Equipment & Services,54953123840.0,35477999616.0,4092000000.0,2.92,,,,3747000064.0,6640999936.0,3010500096.0,0.20063,0.15738,,12.616438
STX,Seagate Technology Holdings PLC,Technology,Computer Hardware,35602128896.0,9096999936.0,1468999936.0,6.76,,,,891000000.0,1083000064.0,430375008.0,0.35319,0.24304001,,24.763311
SRE,DBA Sempra,Utilities,Utilities - Diversified,53868085248.0,13336000512.0,2670000128.0,4.13,,,,173000000.0,4653000192.0,-5927000064.0,0.41752,0.18433,,19.990314
NOW,"ServiceNow, Inc.",Technology,Software - Application,190390386688.0,12056999936.0,1660999936.0,7.98,,,,6131999744.0,4698999808.0,3972624896.0,0.78519,0.12068,,114.969925
SHW,Sherwin-Williams Company (The),Basic Materials,Specialty Chemicals,91213488128.0,23079899136.0,2544900096.0,10.1,,,,273900000.0,3060699904.0,1781549952.0,0.48865002,0.17459999,,36.22079
SPG,"Simon Property Group, Inc.",Real Estate,REIT - Retail,68146221056.0,6034414080.0,2112224000.0,6.47,,,,1231437056.0,4020951040.0,2046775552.0,0.82174003,0.49664003,,27.922722
SWKS,"Skyworks Solutions, Inc.",Technology,Semiconductors,11123194880.0,4011699968.0,396200000.0,2.51,,,,1317900032.0,1576899968.0,1123837440.0,0.41489,0.11617,,29.856575
SJM,The J.M. Smucker Company,Consumer Defensive,Packaged Foods,11789759488.0,8714300416.0,-1459600000.0,-13.73,,,,39300000.0,1026899968.0,409424992.0,0.3536,0.031040002,,
SW,Smurfit WestRock plc,Consumer Cyclical,Packaging & Containers,24727840768.0,30805999616.0,352000000.0,0.26,,,,778000000.0,2164999936.0,-1323124992.0,0.191,0.0704,,182.15385
SNA,Snap-On Incorporated,Industrials,Tools & Accessories,16965623808.0,5070900224.0,1000000000.0,18.77,,,,1458300032.0,1103399936.0,653512512.0,0.51963,0.25595,,17.32765
SOLV,Solventum Corporation,Healthcare,Medical Instruments & Supplies,12672928768.0,8387999744.0,380000000.0,2.18,,,,492000000.0,586000000.0,288375008.0,0.54876,0.09255,,33.52752
SO,Southern Company (The),Utilities,Utilities - Regulated Electric,101534621696.0,28362999808.0,4283000064.0,3.87,,,,1264000000.0,9219999744.0,-1096749952.0,0.48736,0.28079998,,23.85013
LUV,Southwest Airlines Company,Industrials,Airlines,17278685184.0,27471998976.0,392000000.0,0.64,,,,3839000064.0,1851000064.0,-304000000.0,0.21429001,0.031059999,,51.406254
SWK,"Stanley Black & Decker, Inc.",Industrials,Tools & Accessories,11499497472.0,15161600000.0,478300000.0,3.16,,,,311800000.0,759200000.0,833287488.0,0.29508,0.051609997,,23.509493
SBUX,Starbucks Corporation,Consumer Cyclical,Restaurants,100245577728.0,36689301504.0,2632399872.0,2.31,,,,4505900032.0,4901300224.0,1653387520.0,0.23739,0.0951,,38.17749
STT,State Street Corporation,Financial Services,Asset Management,32616415232.0,13322999808.0,2636999936.0,8.9,,,,141396000768.0,-10766999552.0,,0.0,0.27648002,,12.917978
STLD,"Steel Dynamics, Inc.",Basic Materials,Steel,19272077312.0,17148070912.0,1040972032.0,6.89,,,,497624992.0,1560939008.0,-542465984.0,0.12549,0.08387,,19.001451
STE,STERIS plc (Ireland),Healthcare,Medical Devices,24136105984.0,5571115008.0,647724032.0,6.54,,,,279700000.0,1264386944.0,910075776.0,0.44375,0.17849001,,37.470947
SYK,Stryker Corporation,Healthcare,Medical Devices,149638791168.0,23818000384.0,2918000128.0,7.55,,,,2464000000.0,4766000128.0,3489499904.0,0.64950997,0.21952999,,51.842384
SMCI,"Super Micro Computer, Inc.",Technology,Computer Hardware,24686102528.0,21972041728.0,1048854016.0,1.68,,,,5176150016.0,1659523968.0,1449158144.0,0.11059,0.03967,,24.726192
SYF,Synchrony Financial,Financial Services,Credit Services,28402905088.0,9185000448.0,3203000064.0,8.23,,,,19456999424.0,9875999744.0,,0.0,0.5022,,9.27582
SNPS,"Synopsys, Inc.",Technology,Software - Infrastructure,111640551424.0,6221316096.0,1350064000.0,8.63,,,,14263911424.0,1226139008.0,1938772352.0,0.81412005,0.23464,,69.9095
SYY,Sysco Corporation,Consumer Defensive,Food Distribution,38481719296.0,81369997312.0,1828000000.0,3.73,,,,1071000000.0,2510000128.0,1693874944.0,0.18396,0.05545,,21.573727
TMUS,"T-Mobile US, Inc.",Communication Services,Telecom Services,283594588160.0,84052000768.0,12215000064.0,10.58,,,,10259000320.0,25526999040.0,5070750208.0,0.63676,0.24669,,23.817581
TROW,"T. Rowe Price Group, Inc.",Financial Services,Asset Management,23645728768.0,7097299968.0,1986700032.0,8.93,,,,3058899968.0,1533400064.0,811137472.0,0.51267,0.27754998,,12.051512
TTWO,"Take-Two Interactive Software, ",Communication Services,Electronic Gaming & Multimedia,43031318528.0,5799199744.0,-4228800000.0,-24.12,,,,2035100032.0,101100000.0,1226212480.0,0.59501,0.011569999,,
TPR,"Tapestry, Inc.",Consumer Cyclical,Luxury Goods,21191186432.0,7010699776.0,183200000.0,0.82,,,,1119600000.0,1216600064.0,852025024.0,0.7544,0.17548999,,124.17073
TRGP,"Targa Resources, Inc.",Energy,Oil & Gas Midstream,36100608000.0,17078700032.0,1524199936.0,6.96,,,,113100000.0,3681499904.0,-582612480.0,0.35701,0.24261999,,24.103447
TGT,Target Corporation,Consumer Defensive,Discount Stores,43612930048.0,105640001536.0,3928000000.0,8.58,,,,4341000192.0,6385999872.0,2594874880.0,0.27833998,0.05434,,11.1864805
TEL,TE Connectivity plc,Technology,Electronic Components,61017030656.0,16581000192.0,1455000064.0,4.85,,,,672000000.0,3760000000.0,1495124992.0,0.34992,0.19652,,42.57732
TDY,Teledyne Technologies Incorpora,Technology,Scientific & Technical Instruments,25233983488.0,5909400064.0,859000000.0,18.14,,,,310900000.0,1051400000.0,673849984.0,0.42751998,0.18556999,,29.667585
TER,"Teradyne, Inc.",Technology,Semiconductor Equipment & Materials,18808909824.0,2827659008.0,469171008.0,2.89,,,,367889984.0,792553984.0,428476384.0,0.59134996,0.14873,,40.913494
TSLA,"Tesla, Inc.",Consumer Cyclical,Auto Manufacturers,1076855177216.0,92719996928.0,5879000064.0,1.67,,,,36781998080.0,15765000192.0,1339624960.0,0.1748,0.04103,,199.91737
TXN,Texas Instruments Incorporated,Technology,Semiconductors,184082055168.0,16675000320.0,5015000064.0,5.47,,,,5359000064.0,6439000064.0,-1568999936.0,0.58027,0.35027,,37.016453
TPL,Texas Pacific Land Corporation,Energy,Oil & Gas E&P,21458184192.0,742873024.0,461745984.0,20.07,,,,543929984.0,522764992.0,-19359750.0,0.94526,0.76765996,,46.51121
TXT,Textron Inc.,Industrials,Aerospace & Defense,14284912640.0,14062000128.0,816000000.0,4.44,,,,1352000000.0,917000000.0,617249984.0,0.17771,0.08906999,,18.054054
TMO,Thermo Fisher Scientific Inc,Healthcare,Diagnostics & Research,186056982528.0,43212001280.0,6584000000.0,17.29,,,,6390000128.0,7577999872.0,5182750208.0,0.41278,0.17844,,28.497396
TJX,"TJX Companies, Inc. (The)",Consumer Cyclical,Apparel Retail,152404836352.0,57925001216.0,4974000128.0,4.39,,,,4639000064.0,5935000064.0,3101874944.0,0.30574,0.11249,,31.118452
TKO,"TKO Group Holdings, Inc.",Communication Services,Entertainment,15569869824.0,2965944064.0,210914000.0,2.45,,,,535060992.0,790452992.0,441073504.0,0.74814004,0.28148,,77.37143
TTD,"The Trade Desk, Inc.",Communication Services,Advertising Agencies,26725623808.0,2679088128.0,417193984.0,0.83,,,,1687261056.0,929171008.0,792580608.0,0.79406,0.16826001,,65.85542
TSCO,Tractor Supply Company,Consumer Cyclical,Specialty Retail,32729835520.0,15148456960.0,1087288960.0,2.03,,,,225810000.0,1606066944.0,731744896.0,0.36409,0.13015,,30.423645
TT,Trane Technologies plc,Industrials,Building Products & Equipment,92477235200.0,20750100480.0,2874400000.0,12.68,,,,774200000.0,3234099968.0,2353625088.0,0.36256,0.20187001,,32.776024
TDG,Transdigm Group Incorporated,Industrials,Aerospace & Defense,78827307008.0,8579999744.0,1751000064.0,30.08,,,,2812000000.0,2103000064.0,1632249984.0,0.59755003,0.46804002,,46.505318
TRV,"The Travelers Companies, Inc.",Financial Services,Insurance - Property & Casualty,61126135808.0,47837999104.0,5207000064.0,22.62,,,,5269000192.0,9633000448.0,15664374784.0,0.26832,0.16341999,,12.003095
TRMB,Trimble Inc.,Technology,Scientific & Technical Instruments,19232653312.0,3575500032.0,286700000.0,1.17,,,,265900000.0,312100000.0,358912512.0,0.69575995,0.15096,,69.07693
TFC,Truist Financial Corporation,Financial Services,Banks - Regional,60371578880.0,18165999616.0,4898999808.0,3.69,,,,51717001216.0,3968999936.0,,0.0,0.37097,,12.688347
TYL,"Tyler Technologies, Inc.",Technology,Software - Application,24351201280.0,2245750016.0,306796992.0,6.98,,,,892345984.0,642958976.0,519320000.0,0.45176,0.16036,,80.64184
TSN,"Tyson Foods, Inc.",Consumer Defensive,Farm Products,20200562688.0,54145998848.0,784000000.0,2.2,,,,1548000000.0,2236999936.0,1496125056.0,0.0777,0.03637,,25.80909
USB,U.S. Bancorp,Financial Services,Banks - Regional,75988754432.0,25560000512.0,6518000128.0,4.18,,,,62008000512.0,7484000256.0,,0.0,0.37334,,11.681819
UBER,"Uber Technologies, Inc.",Technology,Software - Application,195508125696.0,47331000320.0,12625999872.0,5.87,,,,7369999872.0,8789000192.0,5608500224.0,0.33929002,0.11462,,15.97104
UDR,"UDR, Inc.",Real Estate,REIT - Residential,14931620864.0,1714882048.0,127135000.0,0.39,,,,1548000.0,877331968.0,851218112.0,0.66463995,0.19672,,101.46154
ULTA,"Ulta Beauty, Inc.",Consumer Cyclical,Specialty Retail,22093225984.0,11654554624.0,1201376000.0,26.07,,,,242744992.0,1296269056.0,845920768.0,0.42821,0.12367,,18.900269
UNP,Union Pacific Corporation,Industrials,Railroads,132585955328.0,24393000960.0,6935000064.0,11.51,,,,1080000000.0,9856000000.0,4991499776.0,0.55889,0.41257998,,19.423979
UAL,"United Airlines Holdings, Inc.",Industrials,Airlines,33988622336.0,57985998848.0,3311000064.0,9.98,,,,15616000000.0,9649000448.0,2323624960.0,0.34657001,0.11833999,,10.5200405
UPS,"United Parcel Service, Inc.",Industrials,Integrated Freight & Logistics,74111524864.0,90312998912.0,5729999872.0,6.72,,,,6286000128.0,7479000064.0,4042374912.0,0.2155,0.09019,,13.011906
URI,"United Rentals, Inc.",Industrials,Rental & Leasing Services,61532065792.0,15749000192.0,2536999936.0,38.64,,,,548000000.0,5005000192.0,2309625088.0,0.39514,0.25615,,24.750002
UNH,UnitedHealth Group Incorporated,Healthcare,Healthcare Plans,280641208320.0,422817988608.0,21296001024.0,23.09,,,,32020000768.0,28957999104.0,27210000384.0,0.20842,0.04614,,13.420095
UHS,"Universal Health Services, Inc.",Healthcare,Medical Care Facilities,11555515392.0,16460284928.0,1261009024.0,18.98,,,,137595008.0,1900440064.0,742977728.0,0.42870998,0.116780005,,9.566913
VLO,Valero Energy Corporation,Energy,Oil & Gas Refining & Marketing,47222210560.0,117548998656.0,760000000.0,2.48,,,,4536999936.0,4252999936.0,2656250112.0,0.05076,0.03603,,61.294353
VTR,"Ventas, Inc.",Real Estate,REIT - Healthcare Facilities,30940387328.0,5275330048.0,191210000.0,0.43,,,,614200000.0,1523787008.0,1139893376.0,0.41832,0.16360001,,158.32558
VLTO,Veralto Corp,Industrials,Pollution & Treatment Controls,26352216064.0,5361999872.0,893000000.0,3.58,,,,1559000064.0,1005000000.0,777124992.0,0.59884,0.2283,,29.662012
VRSN,"VeriSign, Inc.",Technology,Software - Infrastructure,25535109120.0,1598200064.0,799500032.0,8.39,,,,593800000.0,978700032.0,753862528.0,0.8788,0.6848,,32.582836
VRSK,"Verisk Analytics, Inc.",Industrials,Consulting Services,37460385792.0,2986500096.0,909299968.0,6.43,,,,629900032.0,1240800000.0,846062528.0,0.69389,0.46078,,41.698288
VZ,Verizon Communications Inc.,Communication Services,Telecom Services,186487832576.0,137000001536.0,18193000448.0,4.3,,,,3467000064.0,37099999232.0,17947250688.0,0.59485,0.23284,,10.286046
VRTX,Vertex Pharmaceuticals Incorpor,Healthcare,Biotechnology,100254007296.0,11418800128.0,3637600000.0,14.08,,,,6382799872.0,3846400000.0,2914625024.0,0.55906,0.38931,,27.771307
VTRS,Viatris Inc.,Healthcare,Drug Manufacturers - Specialty & Generic,12299928576.0,14115699712.0,-3468300032.0,-2.93,,,,808600000.0,2064400000.0,4905175040.0,0.40857,0.09949,,
VICI,VICI Properties Inc.,Real Estate,REIT - Diversified,36021977088.0,3926258944.0,2756177920.0,2.61,,,,232983008.0,2454906880.0,1107510016.0,0.99031997,1.09299,,12.942529
V,Visa Inc.,Financial Services,Credit Services,682783866880.0,38892998656.0,20060000256.0,10.24,,,,19179999232.0,23484999680.0,18054000640.0,0.97780997,0.66772,,34.353516
VST,Vistra Corp.,Utilities,Utilities - Independent Power Producers,64074252288.0,18507999232.0,2196000000.0,6.22,,,,483000000.0,4225999872.0,1735374976.0,0.39988,0.13718,,30.403538
VMC,Vulcan Materials Company (Holdi,Basic Materials,Building Materials,38469222400.0,7594599936.0,958099968.0,7.22,,,,347400000.0,1628300032.0,1071025024.0,0.27558002,0.22278999,,40.32687
WRB,W.R. Berkley Corporation,Financial Services,Insurance - Property & Casualty,27191515136.0,14286153728.0,1760594944.0,4.4,,,,3019086080.0,3498426880.0,3641584384.0,0.4354,0.16590999,,16.293182
GWW,"W.W. Grainger, Inc.",Industrials,Industrial Distribution,48477933568.0,17481000960.0,1922000000.0,39.43,,,,597000000.0,2062000000.0,1113874944.0,0.39248002,0.14887999,,25.70378
WAB,Westinghouse Air Brake Technolo,Industrials,Railroads,33079404544.0,10561999872.0,1150000000.0,6.71,,,,1486000000.0,1664999936.0,1348875008.0,0.33573002,0.18476999,,28.837555
WMT,Walmart Inc.,Consumer Defensive,Discount Stores,773941166080.0,693152972800.0,21344000000.0,2.65,,,,9431000064.0,38437998592.0,8344999936.0,0.2491,0.04389,,36.596226
DIS,Walt Disney Company (The),Communication Services,Entertainment,212838940672.0,94535000064.0,11550999552.0,6.38,,,,5367000064.0,19145000960.0,7444250112.0,0.37612998,0.15696,,18.554857
WBD,"Warner Bros. Discovery, Inc. - ",Communication Services,Entertainment,28817965056.0,38441000960.0,772000000.0,0.31,,,,4917000192.0,5097999872.0,18288625664.0,0.44296002,-0.00601,,37.54839
WM,"Waste Management, Inc.",Industrials,Waste Management,91196686336.0,23950000128.0,2720999936.0,6.75,,,,440000000.0,5622000128.0,1450375040.0,0.39716,0.1846,,33.53926
WAT,Waters Corporation,Healthcare,Diagnostics & Research,17964371968.0,3046055936.0,661393024.0,11.08,,,,367215008.0,745412992.0,465317376.0,0.59018004,0.26216,,27.238266
WEC,"WEC Energy Group, Inc.",Utilities,Utilities - Regulated Electric,34281947136.0,9306699776.0,1663200000.0,5.21,,,,23000000.0,3326700032.0,-1004475008.0,0.43310001,0.21403,,20.443378
WFC,Wells Fargo & Company,Financial Services,Banks - Diversified,263258718208.0,77618003968.0,19483000832.0,5.82,,,,382125998080.0,-9143000064.0,,0.0,0.33103,,14.120275
WELL,Welltower Inc.,Real Estate,REIT - Healthcare Facilities,112550035456.0,9277824000.0,1129665024.0,1.78,,,,4409739776.0,2613188096.0,2066642688.0,0.39641997,0.18656999,,94.53933
WST,"West Pharmaceutical Services, I",Healthcare,Medical Instruments & Supplies,17757505536.0,2960199936.0,487700000.0,6.69,,,,509700000.0,676700032.0,207850000.0,0.35271,0.20874001,,36.913303
WDC,Western Digital Corporation,Technology,Computer Hardware,27871711232.0,9520000000.0,1598000000.0,4.45,,,,,1691000064.0,3199500032.0,0.38782,0.15403,,18.053932
WY,Weyerhaeuser Company,Real Estate,REIT - Specialty,18665490432.0,7036000256.0,279000000.0,0.38,,,,592000000.0,918000000.0,480500000.0,0.17254,0.08493,,68.07895
WSM,"Williams-Sonoma, Inc.",Consumer Cyclical,Specialty Retail,23146993664.0,7829758976.0,1126804992.0,8.86,,,,985822976.0,1288616960.0,808696512.0,0.46152002,0.17861,,21.240408
WMB,"Williams Companies, Inc. (The)",Energy,Oil & Gas Midstream,70681903104.0,11363000320.0,2425999872.0,1.98,,,,903000000.0,5344000000.0,580875008.0,0.6016,0.34425998,,29.232323
WTW,Willis Towers Watson Public Lim,Financial Services,Insurance Brokers,31877711872.0,9808000000.0,137000000.0,1.47,,,,1991000064.0,1407000064.0,1335624960.0,0.43138,0.16939,,222.30612
WDAY,"Workday, Inc.",Technology,Software - Application,61628940288.0,8958999552.0,583000000.0,2.15,,,,8185999872.0,2591000064.0,2457999872.0,0.75578004,0.10604999,,107.35814
WYNN,"Wynn Resorts, Limited",Consumer Cyclical,Resorts & Casinos,13179084800.0,6970314240.0,383884000.0,3.38,,,,1984752000.0,1297185024.0,550405504.0,0.6832,0.15807,,37.5
XEL,Xcel Energy Inc.,Utilities,Utilities - Regulated Electric,42824560640.0,13957000192.0,2072999936.0,3.61,,,,1464999936.0,4510000128.0,-4188499968.0,0.44494,0.17676,,20.057894
XYL,Xylem Inc.,Industrials,Specialty Industrial Machinery,34457120768.0,8730000384.0,938000000.0,3.84,,,,1170000000.0,1224000000.0,929124992.0,0.37812,0.14342,,36.864582
YUM,"Yum! Brands, Inc.",Consumer Cyclical,Restaurants,40789467136.0,7907999744.0,1432999936.0,5.07,,,,677000000.0,1834000000.0,1333624960.0,0.46243998,0.33540002,,28.988165
ZBRA,Zebra Technologies Corporation,Technology,Communication Equipment,16122504192.0,5190000128.0,548000000.0,10.59,,,,872000000.0,925000000.0,885374976.0,0.48593,0.14462,,29.942398
ZBH,"Zimmer Biomet Holdings, Inc.",Healthcare,Medical Devices,21017985024.0,7833800192.0,823500032.0,4.1,,,,556899968.0,1663000064.0,1293074944.0,0.71248,0.19521,,25.87805
ZTS,Zoetis Inc.,Healthcare,Drug Manufacturers - Specialty & Generic,69313822720.0,9384999936.0,2612000000.0,5.8,,,,1454000000.0,2928999936.0,2286249984.0,0.71465,0.40203,,26.965515
