Ticker,Name,Sector,Industry,Market Cap,Revenue (ttm),Net Income (ttm),EPS (ttm),Total Assets,Total Liabilities,Shareholder Equity,Cash,Operating Cash Flow,Free Cash Flow,Gross Margin,Operating Margin,Net Margin,PE Ratio
MMM,3M Company,Industrials,Conglomerates,82309398528.0,24512999424.0,4419999744.0,8.04,,,,7024000000.0,973000000.0,374500000.0,0.41210997,0.20674999,,19.022388
AOS,A.O. Smith Corporation,Industrials,Specialty Industrial Machinery,9652042752.0,3803200000.0,522600000.0,3.58,,,,200200000.0,513900000.0,344950016.0,0.38042,0.18965,,18.972067
ABT,Abbott Laboratories,Healthcare,Medical Devices,233904095232.0,42344001536.0,13450999808.0,7.7,,,,6844000256.0,8949999616.0,6032374784.0,0.55989,0.18091999,,17.459742
ABBV,AbbVie Inc.,Healthcare,Drug Manufacturers - General,334344192000.0,57366999040.0,4155000064.0,2.35,,,,5176000000.0,16401000448.0,16941375488.0,0.71015,0.30427998,,80.544685
ACN,Accenture plc,Technology,Information Technology Services,189833134080.0,68482535424.0,7948770816.0,12.58,,,,9637395456.0,10949683200.0,9149394944.0,0.32069,0.16825001,,24.227345
ADBE,Adobe Inc.,Technology,Software - Application,160903299072.0,22601000960.0,6869000192.0,15.59,,,,5712999936.0,9614999552.0,8323500032.0,0.89248,0.35909998,,24.33034
AMD,"Advanced Micro Devices, Inc.",Technology,Semiconductors,223607291904.0,27750000640.0,2227000064.0,1.37,,,,7310000128.0,3459000064.0,3355624960.0,0.53578,0.10836001,,100.66424
AES,The AES Corporation,Utilities,Utilities - Diversified,8201353216.0,12119000064.0,1306000000.0,1.84,,,,1816999936.0,3009999872.0,-5732250112.0,0.17954999,0.14081,,6.2608695
AFL,AFLAC Incorporated,Financial Services,Insurance - Life,56535244800.0,16888999936.0,3592999936.0,6.43,,,,7495000064.0,2447000064.0,5280000000.0,0.45408002,0.057389997,,16.26283
A,"Agilent Technologies, Inc.",Healthcare,Diagnostics & Research,34479808512.0,6627999744.0,1166000000.0,4.05,,,,1486000000.0,1584999936.0,1048374976.0,0.53576,0.23561001,,29.970367
APD,"Air Products and Chemicals, Inc",Basic Materials,Specialty Chemicals,64947240960.0,12020700160.0,1547200000.0,6.94,,,,1608099968.0,3358200064.0,-3988649984.0,0.31947002,0.21184999,,42.051872
ABNB,"Airbnb, Inc.",Consumer Cyclical,Travel Services,84243406848.0,11232000000.0,2537999872.0,3.94,,,,11491999744.0,4384000000.0,3194249984.0,0.83048,0.01673,,34.64213
AKAM,"Akamai Technologies, Inc.",Technology,Software - Infrastructure,11312865280.0,4019336960.0,452671008.0,2.98,,,,1321229952.0,1418493056.0,514483488.0,0.59073,0.15273,,26.671143
ALB,Albemarle Corporation,Basic Materials,Specialty Chemicals,7907995648.0,5093670912.0,-1307299968.0,-11.12,,,,1518510976.0,1149496960.0,-349651872.0,0.039300002,0.01898,,
ARE,Alexandria Real Estate Equities,Real Estate,REIT - Office,13306312704.0,3111841024.0,131070000.0,0.76,,,,476430016.0,1371315968.0,1259089792.0,0.70521003,0.20922,,101.210526
ALGN,"Align Technology, Inc.",Healthcare,Medical Instruments & Supplies,14266459136.0,3980843008.0,409564000.0,5.5,,,,873011968.0,762243008.0,630043904.0,0.70022005,0.14024,,35.785458
ALLE,Allegion plc,Industrials,Security & Protection Services,12744761344.0,3820199936.0,621900032.0,7.12,,,,494500000.0,728400000.0,520400000.0,0.4449,0.20851,,20.801968
LNT,Alliant Energy Corporation,Utilities,Utilities - Regulated Electric,15805580288.0,4078000128.0,745000000.0,2.9,,,,25000000.0,1108999936.0,-1070000000.0,0.46493,0.22784,,21.21724
ALL,Allstate Corporation (The),Financial Services,Insurance - Property & Casualty,52433965056.0,65299001344.0,3927000064.0,14.64,,,,7381000192.0,9228999680.0,4154874880.0,0.22642,0.05075,,13.52459
GOOGL,Alphabet Inc.,Communication Services,Internet Content & Information,2184700493824.0,359713013760.0,110995996672.0,8.97,,,,95328002048.0,132601004032.0,60679000064.0,0.58591,0.33918,,20.014492
GOOG,Alphabet Inc.,Communication Services,Internet Content & Information,2183427391488.0,359713013760.0,110995996672.0,8.95,,,,95328002048.0,132601004032.0,60679000064.0,0.58591,0.33918,,20.173185
MO,"Altria Group, Inc.",Consumer Defensive,Tobacco,100477444096.0,20245999616.0,10183999488.0,5.96,,,,4726000128.0,8595999744.0,4378625024.0,0.70849,0.61319,,10.008389
AMZN,"Amazon.com, Inc.",Consumer Cyclical,Internet Retail,2371809968128.0,650313007104.0,65943998464.0,6.14,,,,94564999168.0,113903001600.0,39273500672.0,0.49158,0.11823,,36.385994
AMCR,Amcor plc,Consumer Cyclical,Packaging & Containers,22065604608.0,13461999616.0,805000000.0,0.56,,,,2044999936.0,1219000064.0,658000000.0,0.20004,0.10771,,17.196428
AEE,Ameren Corporation,Utilities,Utilities - Regulated Electric,26032173056.0,7596000256.0,1210000000.0,4.51,,,,23000000.0,2702000128.0,-2507375104.0,0.49065,0.24603,,21.290464
AEP,American Electric Power Company,Utilities,Utilities - Regulated Electric,55481495552.0,20159000576.0,2764199936.0,5.18,,,,463600000.0,6812100096.0,-2700450048.0,0.47134,0.24148001,,20.050194
AXP,American Express Company,Financial Services,Credit Services,229884264448.0,62049001472.0,10142000128.0,14.33,,,,52387000320.0,13262000128.0,,0.64315003,0.21205,,22.898117
AIG,"American International Group, I",Financial Services,Insurance - Diversified,47939129344.0,27047000064.0,2507000064.0,4.1,,,,11992000512.0,2696000000.0,19411625984.0,0.32488,0.15465,,20.287806
AMT,American Tower Corporation (REI,Real Estate,REIT - Specialty,103809597440.0,10177399808.0,2896300032.0,6.17,,,,2103699968.0,5301899776.0,4535612416.0,0.74551004,0.46842998,,35.940033
AWK,"American Water Works Company, I",Utilities,Utilities - Regulated Water,27311431680.0,4815000064.0,1071000000.0,5.49,,,,189000000.0,1994000000.0,-1206125056.0,0.60332,0.32837,,25.51002
AMP,"Ameriprise Financial, Inc.",Financial Services,Asset Management,51734495232.0,18082000896.0,2993999872.0,29.4,,,,7980000256.0,6837000192.0,3326500096.0,0.5662,0.33720002,,18.479591
AME,"AMETEK, Inc.",Industrials,Specialty Industrial Machinery,42525605888.0,6936970752.0,1416939008.0,6.11,,,,399000992.0,1836166016.0,1462736512.0,0.35762,0.2566,,30.145662
AMGN,Amgen Inc.,Healthcare,Drug Manufacturers - General,160365428736.0,34126000128.0,5933000192.0,10.98,,,,8810000384.0,12192000000.0,13090124800.0,0.69068,0.28726998,,27.162113
APH,Amphenol Corporation,Technology,Electronic Components,120306810880.0,16777400320.0,2613100032.0,2.06,,,,1671699968.0,2980100096.0,1426462464.0,0.34414002,0.23482001,,48.281555
ADI,"Analog Devices, Inc.",Technology,Semiconductors,121918201856.0,9818655744.0,1831389952.0,3.68,,,,2376235008.0,3852131072.0,2982311936.0,0.58757997,0.25745,,66.760864
ANSS,"ANSYS, Inc.",Technology,Software - Application,32307408896.0,2583095040.0,592779008.0,6.75,,,,1828558976.0,911857984.0,772483648.0,0.92481005,0.116639994,,54.441483
AON,Aon plc,Financial Services,Insurance Brokers,76606873600.0,16357000192.0,2548000000.0,11.57,,,,1192000000.0,2865999872.0,3200000000.0,0.46750998,0.33707002,,30.662058
APA,APA Corporation,Energy,Oil & Gas E&P,7047303168.0,10147999744.0,1019000000.0,2.79,,,,67000000.0,4348000256.0,2278000128.0,0.67294,0.28198,,7.0000005
APO,"Apollo Global Management, Inc. ",Financial Services,Asset Management,82563743744.0,24387000320.0,3369999872.0,5.73,,,,25016999936.0,4195000064.0,,0.44241002,0.29537,,25.212915
AAPL,Apple Inc.,Technology,Consumer Electronics,3189540126720.0,400366010368.0,97294000128.0,6.42,,,,48497999872.0,109555998720.0,97251500032.0,0.46632,0.31028998,,33.26324
AMAT,"Applied Materials, Inc.",Technology,Semiconductor Equipment & Materials,153317244928.0,28088999936.0,6758000128.0,8.23,,,,6746999808.0,7456000000.0,3740875008.0,0.48136002,0.30549,,23.213854
APTV,Aptiv PLC,Consumer Cyclical,Auto Parts,15798488064.0,19637000192.0,1558000000.0,6.12,,,,1100000000.0,2475000064.0,1634625024.0,0.19249001,0.10674,,11.856209
ACGL,Arch Capital Group Ltd.,Financial Services,Insurance - Diversified,33424400384.0,18172000256.0,3726000128.0,9.75,,,,3768000000.0,6567000064.0,7810124800.0,0.33915,0.16049999,,9.147693
ADM,Archer-Daniels-Midland Company,Consumer Defensive,Farm Products,26573688832.0,83857997824.0,1366000000.0,2.84,,,,897000000.0,1748000000.0,95125000.0,0.06319,0.01229,,19.475353
ANET,"Arista Networks, Inc.",Technology,Computer Hardware,128756916224.0,7436546048.0,3028154112.0,2.37,,,,8149600256.0,3836134912.0,3057000960.0,0.64088994,0.42837003,,43.257385
AJG,Arthur J. Gallagher & Co.,Financial Services,Insurance Brokers,81450459136.0,11243499520.0,1558700032.0,6.47,,,,16691800064.0,2665400064.0,2389237504.0,0.43662,0.27831,,49.165382
AIZ,"Assurant, Inc.",Financial Services,Insurance - Property & Casualty,9809374208.0,12071400448.0,670400000.0,12.81,,,,1970899968.0,1642599936.0,1277987456.0,0.09984,0.06848,,15.1030445
T,AT&T Inc.,Communication Services,Telecom Services,204212994048.0,122934001664.0,11745999872.0,1.63,,,,6978999808.0,40272998400.0,14413375488.0,0.59897,0.22092,,17.398773
ATO,Atmos Energy Corporation,Utilities,Utilities - Regulated Gas,24187697152.0,4485993984.0,1136466944.0,7.17,,,,658499968.0,1946832000.0,-1614407040.0,0.58158,0.32598,,21.238493
ADSK,"Autodesk, Inc.",Technology,Software - Application,67747823616.0,6346999808.0,1012000000.0,4.65,,,,2040000000.0,1676999936.0,2224250112.0,0.91996,0.21004,,68.09892
ADP,"Automatic Data Processing, Inc.",Technology,Software - Application,125511401472.0,20202600448.0,3998299904.0,9.79,,,,2680600064.0,4801099776.0,2908587520.0,0.48341,0.29549998,,31.58325
AZO,"AutoZone, Inc.",Consumer Cyclical,Auto Parts,63054819328.0,18901370880.0,2563504896.0,147.78,,,,287617984.0,3234831872.0,1520323840.0,0.52948004,0.19402,,25.505888
AVB,"AvalonBay Communities, Inc.",Real Estate,REIT - Residential,28839487488.0,2988731904.0,1142966016.0,8.04,,,,57840000.0,1610876032.0,1227122816.0,0.63643,0.32197,,25.195274
AVY,Avery Dennison Corporation,Consumer Cyclical,Packaging & Containers,14324897792.0,8752700416.0,698800000.0,8.69,,,,234700000.0,802700032.0,579662528.0,0.28791,0.12778,,21.086308
AXON,"Axon Enterprise, Inc.",Industrials,Aerospace & Defense,61928751104.0,2226288128.0,331662016.0,4.18,,,,2367037952.0,450044000.0,483596640.0,0.60599,-0.01308,,190.30623
BKR,Baker Hughes Company,Energy,Oil & Gas Equipment & Services,39273328640.0,27837999104.0,2926000128.0,2.93,,,,3276999936.0,3256999936.0,1716875008.0,0.21359,0.117010005,,13.52901
BALL,Ball Corporation,Consumer Cyclical,Packaging & Containers,16292758528.0,12017999872.0,527000000.0,1.76,,,,453000000.0,697000000.0,251750000.0,0.20419,0.09847999,,33.36932
BAC,Bank of America Corporation,Financial Services,Banks - Diversified,368534880256.0,97452998656.0,26350999552.0,3.35,,,,806390988800.0,4550000128.0,,0.0,0.31353,,14.60597
BAX,Baxter International Inc.,Healthcare,Medical Instruments & Supplies,15913556992.0,10771000320.0,-277000000.0,-0.52,,,,2294000128.0,663000000.0,1701500032.0,0.39216,0.09752,,
BDX,"Becton, Dickinson and Company",Healthcare,Medical Instruments & Supplies,50488692736.0,20867000320.0,1498000000.0,5.16,,,,683000000.0,3300000000.0,3501750016.0,0.46322,0.16009001,,34.139538
BRK.B,,Financials,Multi-Sector Holdings,,,,,,,,,,,,,,
BBY,"Best Buy Co., Inc.",Consumer Cyclical,Specialty Retail,15238119424.0,41448001536.0,883000000.0,4.1,,,,1339000064.0,1976000000.0,1394499968.0,0.22607,0.03741,,17.585365
TECH,Bio-Techne Corp,Healthcare,Biotechnology,8330598912.0,1208770048.0,131643000.0,0.83,,,,140670000.0,264851008.0,244408752.0,0.66321,0.141,,64.02409
BIIB,Biogen Inc.,Healthcare,Drug Manufacturers - General,19469174784.0,9816399872.0,1479299968.0,10.12,,,,2598299904.0,2581600000.0,3428212480.0,0.75651,0.2805,,13.129446
BLK,"BlackRock, Inc.",Financial Services,Asset Management,167653179392.0,20955000832.0,6305999872.0,41.22,,,,7894000128.0,4236000000.0,5569375232.0,0.49401,0.34742,,26.253033
BX,Blackstone Inc.,Financial Services,Asset Management,188208365568.0,12372734976.0,2543973888.0,3.3,,,,2562064896.0,3651034112.0,,1.0,0.45259,,47.009094
BK,The Bank of New York Mellon Cor,Financial Services,Banks - Diversified,66127564800.0,18823000064.0,4531999744.0,6.13,,,,171141005312.0,3779000064.0,,0.0,0.32824,,15.078303
BA,Boeing Company (The),Industrials,Aerospace & Defense,162804973568.0,69444001792.0,-11655000064.0,-17.96,,,,23652999168.0,-10334000128.0,-7940499968.0,-0.01791,0.02765,,
BKNG,Booking Holdings Inc. Common St,Consumer Cyclical,Travel Services,186026377216.0,24085999616.0,5439000064.0,160.22,,,,15578000384.0,8901999616.0,7502374912.0,0.86627,0.22974001,,35.68094
BSX,Boston Scientific Corporation,Healthcare,Medical Devices,154336215040.0,17553999872.0,2032000000.0,1.37,,,,725000000.0,3812000000.0,2315000064.0,0.68452,0.20094,,76.14599
BMY,Bristol-Myers Squibb Company,Healthcare,Drug Manufacturers - General,95485943808.0,47636000768.0,5418999808.0,2.68,,,,11781999616.0,14309999616.0,13926124544.0,0.74689,0.31569,,17.507462
AVGO,Broadcom Inc.,Technology,Semiconductors,1294300872704.0,57045999616.0,13240999936.0,2.75,,,,11105000448.0,23235000320.0,26148749312.0,0.77033997,0.31765,,100.06545
BR,"Broadridge Financial Solutions,",Technology,Information Technology Services,28441317376.0,6768000000.0,788499968.0,6.64,,,,317900000.0,1192600064.0,1226525056.0,0.31312,0.19037001,,36.465363
BRO,"Brown & Brown, Inc.",Financial Services,Insurance Brokers,35851104256.0,4860000256.0,1019000000.0,3.59,,,,669000000.0,1374000000.0,1039500032.0,0.49424,0.32634997,,30.278551
BF.B,,Consumer Staples,Distillers & Vintners,,,,,,,,,,,,,,
BLDR,"Builders FirstSource, Inc.",Industrials,Building Products & Equipment,14059718656.0,16166635520.0,915420992.0,7.8,,,,115371000.0,1687832960.0,1073425152.0,0.32154998,0.050430004,,16.310257
BG,Bunge Limited,Consumer Defensive,Farm Products,10542728192.0,51334000640.0,1094000000.0,7.79,,,,3883000064.0,621000000.0,-1116625024.0,0.05953,0.021389998,,10.06932
BXP,"BXP, Inc.",Real Estate,REIT - Office,12165221376.0,3397133056.0,-4434000.0,-0.03,,,,398126016.0,1246941952.0,1055764864.0,0.60468,0.28379,,
CHRW,"C.H. Robinson Worldwide, Inc.",Industrials,Integrated Freight & Logistics,11639199744.0,17359384576.0,508088000.0,4.19,,,,129942000.0,648937984.0,553985856.0,0.07902,0.045560002,,23.396181
CDNS,"Cadence Design Systems, Inc.",Technology,Software - Application,89232850944.0,4874527232.0,1081420032.0,3.95,,,,2907380992.0,1494339968.0,1264132736.0,0.85856,0.29091,,82.73671
CZR,"Caesars Entertainment, Inc.",Consumer Cyclical,Resorts & Casinos,6178728960.0,11297000448.0,-235000000.0,-1.1,,,,884000000.0,1212999936.0,21125000.0,0.51713,0.17538,,
CPT,Camden Property Trust,Real Estate,REIT - Residential,12180600832.0,1562268032.0,117999000.0,1.09,,,,26182000.0,787203008.0,687080000.0,0.61534,0.1911,,104.59633
CPB,The Campbell's Company,Consumer Defensive,Packaged Foods,9316561920.0,10225000448.0,454000000.0,1.5,,,,143000000.0,1160000000.0,681625024.0,0.30621,0.14222,,20.833334
COF,Capital One Financial Corporati,Financial Services,Credit Services,141301776384.0,28308000768.0,4567000064.0,11.9,,,,50137001984.0,19815999488.0,,0.0,0.22867,,18.563866
CAH,"Cardinal Health, Inc.",Healthcare,Medical Distribution,39364993024.0,222286004224.0,1556999936.0,6.38,,,,3326000128.0,2952000000.0,3518749952.0,0.03531,0.01332,,25.851095
KMX,CarMax Inc,Consumer Cyclical,Auto & Truck Dealerships,10596584448.0,28673363968.0,558497024.0,3.62,,,,262819008.0,1041670976.0,57066124.0,0.12472,0.03858,,19.505526
CCL,Carnival Corporation,Consumer Cyclical,Travel Services,40622161920.0,25972000768.0,2524999936.0,1.91,,,,2146000000.0,5432999936.0,2056000000.0,0.54701,0.1476,,15.6858635
CARR,Carrier Global Corporation,Industrials,Building Products & Equipment,64855502848.0,22283999232.0,1343000064.0,1.5,,,,1698000000.0,1006000000.0,4930124800.0,0.26773,0.05404,,50.433334
CAT,"Caterpillar, Inc.",Industrials,Farm & Heavy Construction Machinery,187119517696.0,63259000832.0,9939000320.0,20.52,,,,2740999936.0,11271999488.0,6817750016.0,0.31844,0.18450001,,19.388887
CBOE,"Cboe Global Markets, Inc.",Financial Services,Financial Data & Stock Exchanges,24227446784.0,4332299776.0,802099968.0,7.61,,,,1153100032.0,1117900032.0,813524992.0,0.49293,0.29632,,30.403416
CBRE,CBRE Group Inc,Real Estate,Real Estate Services,42682671104.0,36742000640.0,1005000000.0,3.26,,,,1382000000.0,1654000000.0,1163250048.0,0.19610001,0.03098,,43.920242
CDW,CDW Corporation,Technology,Information Technology Services,23983790080.0,21325099008.0,1086599936.0,8.06,,,,688099968.0,1124499968.0,957524992.0,0.21858999,0.06953,,22.596773
COR,"Cencora, Inc.",Healthcare,Medical Distribution,57416192000.0,310232186880.0,1693315968.0,8.65,,,,1978061056.0,4110426880.0,3878175488.0,0.03295,0.01344,,34.246246
CNC,Centene Corporation,Healthcare,Healthcare Plans,16575157248.0,153265995776.0,3452999936.0,6.78,,,,17287000064.0,2120000000.0,2509374976.0,0.14345999,0.044910002,,4.9129796
CNP,"CenterPoint Energy, Inc (Holdin",Utilities,Utilities - Regulated Electric,23459043328.0,8942999552.0,966000000.0,1.48,,,,1916000000.0,2011000064.0,-1248875008.0,0.45141,0.22122999,,24.283783
CF,"CF Industries Holdings, Inc.",Basic Materials,Agricultural Inputs,15334246400.0,6128999936.0,1336000000.0,7.56,,,,1406000000.0,2412000000.0,1633874944.0,0.36205003,0.28683,,12.519841
CRL,Charles River Laboratories Inte,Healthcare,Diagnostics & Research,7717058560.0,4022597120.0,-31563000.0,-0.61,,,,229356000.0,776385984.0,625616896.0,0.34686002,0.13617,,
SCHW,Charles Schwab Corporation (The,Financial Services,Capital Markets,166216417280.0,20465000448.0,6023000064.0,3.3,,,,76483002368.0,10378000384.0,,0.97054,0.43847,,27.721214
CHTR,"Charter Communications, Inc.",Communication Services,Telecom Services,57597734912.0,55140999168.0,5193999872.0,35.83,,,,796000000.0,15454000128.0,3570749952.0,0.55062,0.24463,,11.637454
CVX,Chevron Corporation,Energy,Oil & Gas Integrated,257010958336.0,195112992768.0,15660000256.0,8.75,,,,4642999808.0,29852999680.0,13518749696.0,0.38939,0.105950005,,16.956572
CMG,"Chipotle Mexican Grill, Inc.",Consumer Cyclical,Restaurants,76893831168.0,11487257600.0,1561421952.0,1.13,,,,1414722048.0,2092916992.0,1160955648.0,0.40282002,0.17296,,50.504425
CB,Chubb Limited,Financial Services,Insurance - Property & Casualty,113732280320.0,56306999296.0,8460000256.0,20.75,,,,6403999744.0,14528000000.0,11917375488.0,0.26900998,0.13632,,13.677108
CHD,"Church & Dwight Company, Inc.",Consumer Defensive,Household & Personal Products,24236120064.0,6070900224.0,577699968.0,2.33,,,,1074499968.0,1078899968.0,764049984.0,0.45507,0.20128,,42.236053
CI,The Cigna Group,Healthcare,Healthcare Plans,85418975232.0,255368003584.0,5033999872.0,17.94,,,,9061000192.0,7442999808.0,7582125056.0,0.102539994,0.03641,,17.8233
CINF,Cincinnati Financial Corporatio,Financial Services,Insurance - Property & Casualty,23225210880.0,10968000512.0,1447000064.0,9.18,,,,1110000000.0,2606000128.0,1229624960.0,0.17898001,-0.04482,,16.186274
CTAS,Cintas Corporation,Industrials,Specialty Business Services,88574722048.0,10143464448.0,1772107008.0,4.31,,,,243428000.0,2223195904.0,1619095040.0,0.4992,0.23374,,50.89559
CSCO,"Cisco Systems, Inc.",Technology,Communication Equipment,274705203200.0,55623000064.0,9792000000.0,2.45,,,,16391999488.0,13688999936.0,11596375040.0,0.65245,0.23295,,28.314287
C,"Citigroup, Inc.",Financial Services,Banks - Diversified,165705007104.0,71819001856.0,12163999744.0,6.33,,,,970423992320.0,-67546001408.0,,0.0,0.28702998,,14.015799
CFG,"Citizens Financial Group, Inc.",Financial Services,Banks - Regional,20693731328.0,7116000256.0,1408000000.0,3.15,,,,12986000384.0,1234000000.0,,0.0,0.26263002,,15.149206
CLX,Clorox Company (The),Consumer Defensive,Household & Personal Products,15386904576.0,7018999808.0,694000000.0,5.57,,,,226000000.0,1027000000.0,1120875008.0,0.45078,0.14448,,22.412926
CME,CME Group Inc.,Financial Services,Financial Data & Stock Exchanges,99711344640.0,6274100224.0,3581299968.0,9.93,,,,1519200000.0,3914400000.0,2680800000.0,1.0,0.67586,,27.865055
CMS,CMS Energy Corporation,Utilities,Utilities - Regulated Electric,21079269376.0,7785999872.0,1010000000.0,3.38,,,,465000000.0,2414000128.0,-1015124992.0,0.42615002,0.21903999,,20.849112
KO,Coca-Cola Company (The),Consumer Defensive,Beverages - Non-Alcoholic,307109658624.0,46890000384.0,10784000000.0,2.49,,,,13786999808.0,1075000064.0,4730375168.0,0.61075,0.33534,,28.654617
CTSH,Cognizant Technology Solutions ,Technology,Information Technology Services,39918444544.0,20091000832.0,2356999936.0,4.75,,,,1992000000.0,2428999936.0,1986499968.0,0.34254003,0.15464,,17.048422
COIN,"Coinbase Global, Inc.",Financial Services,Financial Data & Stock Exchanges,90624032768.0,6665887744.0,1467884032.0,5.32,,,,8051168768.0,1962631936.0,305727264.0,0.85248,0.014789999,,66.87969
CL,Colgate-Palmolive Company,Consumer Defensive,Household & Personal Products,75190763520.0,19946999808.0,2896000000.0,3.53,,,,1311000064.0,4025999872.0,2880124928.0,0.60806,0.21767001,,26.283285
CMCSA,Comcast Corporation,Communication Services,Telecom Services,134375874560.0,123560001536.0,15710000128.0,4.06,,,,8593000448.0,28118999040.0,9956500480.0,0.70364,0.19007999,,8.864532
CAG,"ConAgra Brands, Inc.",Consumer Defensive,Packaged Foods,10019827712.0,11736899584.0,329100000.0,0.68,,,,49400000.0,1830499968.0,1283399936.0,0.26667,0.14115,,30.867647
COP,ConocoPhillips,Energy,Oil & Gas E&P,118262571008.0,59090001920.0,9516000256.0,7.89,,,,7234999808.0,21254000640.0,8659749888.0,0.49047002,0.26678,,11.873258
ED,"Consolidated Edison, Inc.",Utilities,Utilities - Regulated Electric,36141289472.0,15774000128.0,1891000064.0,5.41,,,,360000000.0,3878000128.0,-879875008.0,0.53347,0.2747,,18.54159
STZ,"Constellation Brands, Inc.",Consumer Defensive,Beverages - Brewers,30681061376.0,10208700416.0,-81400000.0,-2.35,,,,68100000.0,3152199936.0,1076337536.0,0.52264,0.30039,,
CEG,Constellation Energy Corporatio,Utilities,Utilities - Renewable,97748492288.0,24195000320.0,2984000000.0,9.47,,,,1846000000.0,-1634000000.0,3761374976.0,0.23108,0.06453,,32.933475
COO,"The Cooper Companies, Inc.",Healthcare,Medical Instruments & Supplies,14624303104.0,3988199936.0,414200000.0,2.07,,,,116200000.0,762400000.0,229675008.0,0.67197996,0.18438,,35.41063
CPRT,"Copart, Inc.",Industrials,Specialty Business Services,47689281536.0,4590859776.0,1478662016.0,1.51,,,,4384342016.0,1800494976.0,873605888.0,0.4653,0.37265,,32.66225
GLW,Corning Incorporated,Technology,Electronic Components,45427220480.0,13594999808.0,454000000.0,0.52,,,,1359000064.0,1994000000.0,1178125056.0,0.3463,0.13065,,102.00001
CPAY,"Corpay, Inc.",Technology,Software - Infrastructure,23904313344.0,4045005056.0,1017209984.0,14.26,,,,1583934976.0,1516230016.0,690412480.0,0.78158,0.42472,,23.779804
CTVA,"Corteva, Inc.",Basic Materials,Agricultural Inputs,52608950272.0,16833000448.0,1142000000.0,1.66,,,,2008999936.0,2644999936.0,2847500032.0,0.44627,0.18586999,,46.457832
CSGP,"CoStar Group, Inc.",Real Estate,Real Estate Services,34645360640.0,2812000000.0,117200000.0,0.28,,,,3966400000.0,306200000.0,85037504.0,0.79708,-0.03442,,293.28574
COST,Costco Wholesale Corporation,Consumer Defensive,Discount Stores,437720678400.0,268775997440.0,7842999808.0,17.58,,,,14849999872.0,12426000384.0,5910374912.0,0.12776,0.04003,,56.144485
CTRA,Coterra Energy Inc.,Energy,Oil & Gas E&P,19249440768.0,5801999872.0,1284000000.0,1.71,,,,186000000.0,3083000064.0,1317874944.0,0.74423,0.36913,,14.748537
CRWD,"CrowdStrike Holdings, Inc.",Technology,Software - Infrastructure,128138387456.0,4136022016.0,-172298000.0,-0.69,,,,4614153216.0,1382605952.0,1310727424.0,0.74477,-0.10699,,
CCI,Crown Castle Inc.,Real Estate,REIT - Specialty,44817440768.0,6514999808.0,-3912999936.0,-9.01,,,,60000000.0,2984999936.0,1286625024.0,0.71711,0.49293,,
CSX,CSX Corporation,Industrials,Railroads,63119278080.0,14282000384.0,3236000000.0,1.68,,,,1147000064.0,5436000256.0,2121124992.0,0.47535,0.30616,,20.0
CMI,Cummins Inc.,Industrials,Specialty Industrial Machinery,45711241216.0,33873000448.0,2776999936.0,20.31,,,,2158000128.0,1208000000.0,-424875008.0,0.25581,0.12479,,16.338257
CVS,CVS Health Corporation,Healthcare,Healthcare Plans,85300297728.0,376741003264.0,5280000000.0,4.19,,,,12654000128.0,8760000512.0,6530874880.0,0.13542,0.035,,16.093079
DHR,Danaher Corporation,Healthcare,Diagnostics & Research,145424138240.0,23819999232.0,3764999936.0,5.16,,,,1992999936.0,6248000000.0,4234749952.0,0.59803003,0.22487,,39.379845
DRI,"Darden Restaurants, Inc.",Consumer Cyclical,Restaurants,25777317888.0,12076699648.0,1051000000.0,8.88,,,,240000000.0,1698499968.0,1038849984.0,0.21882,0.13171,,24.80518
DVA,DaVita Inc.,Healthcare,Medical Care Facilities,10774256640.0,12968523776.0,859609984.0,10.08,,,,511943008.0,2336882944.0,1583755776.0,0.32458,0.13442999,,14.142857
DAY,"Dayforce, Inc.",Technology,Software - Application,9156384768.0,1810300032.0,25900000.0,0.16,,,,557299968.0,321600000.0,267812496.0,0.50345004,0.054380003,,357.9375
DECK,Deckers Outdoor Corporation,Consumer Cyclical,Footwear & Accessories,15870102528.0,4985611776.0,966091008.0,6.33,,,,1889187968.0,1044523008.0,780141632.0,0.5788,0.17442,,16.77725
DE,Deere & Company,Industrials,Farm & Heavy Construction Machinery,141092732928.0,45383999488.0,5651999744.0,20.71,,,,6862000128.0,8855000064.0,4988000256.0,0.28215,0.18554,,25.15548
DELL,Dell Technologies Inc.,Technology,Computer Hardware,85005475840.0,96700997632.0,4560000000.0,6.38,,,,7701000192.0,6273999872.0,1893874944.0,0.22225,0.05539,,19.626959
DAL,"Delta Air Lines, Inc.",Industrials,Airlines,33209190400.0,61935001600.0,3660000000.0,5.64,,,,3711000064.0,7994999808.0,1395000064.0,0.21527,0.03925,,9.017731
DVN,Devon Energy Corporation,Energy,Oil & Gas E&P,21336981504.0,15943000064.0,2788999936.0,4.39,,,,1198000000.0,6803999744.0,-1608749952.0,0.52443004,0.23628001,,7.569476
DXCM,"DexCom, Inc.",Healthcare,Medical Devices,32517433344.0,4148000000.0,535200000.0,1.33,,,,2701400064.0,964099968.0,509037504.0,0.59433,0.12905,,62.353382
FANG,"Diamondback Energy, Inc.",Energy,Oil & Gas E&P,41166471168.0,12286000128.0,3952999936.0,16.09,,,,1816000000.0,7433999872.0,2043000064.0,0.7546,0.49922,,8.756991
DLR,"Digital Realty Trust, Inc.",Real Estate,REIT - Specialty,59226136576.0,5519691776.0,390232000.0,1.07,,,,2343777024.0,2308286976.0,1393827072.0,0.54134,0.16287,,161.30841
DG,Dollar General Corporation,Consumer Defensive,Discount Stores,25112303616.0,41134264320.0,1153863936.0,5.24,,,,850017984.0,3179412992.0,1635128448.0,0.29797,0.0552,,21.776718
DLTR,"Dollar Tree, Inc.",Consumer Defensive,Discount Stores,21268209664.0,18049300480.0,1088300032.0,5.07,,,,1007400000.0,2649799936.0,1202599936.0,0.35831,0.08279,,20.100592
D,"Dominion Energy, Inc.",Utilities,Utilities - Regulated Electric,48489697280.0,14903000064.0,2182000128.0,2.59,,,,452000000.0,4219000064.0,-2503249920.0,0.48708,0.33415002,,21.953669
DPZ,Domino's Pizza Inc,Consumer Cyclical,Restaurants,15483321344.0,4733825024.0,607996992.0,17.45,,,,295352000.0,680508992.0,474226624.0,0.28439,0.18064,,25.912893
DASH,"DoorDash, Inc.",Consumer Cyclical,Internet Retail,101185830912.0,11240999936.0,339000000.0,0.79,,,,5816999936.0,2214000128.0,1858125056.0,0.50245,0.05673,,302.2658
DOV,Dover Corporation,Industrials,Specialty Industrial Machinery,25861928960.0,7728248832.0,1037107008.0,7.53,,,,1805319936.0,738398976.0,922395776.0,0.39276,0.16357,,25.050465
DOW,Dow Inc.,Basic Materials,Chemicals,20117293056.0,42630000640.0,281000000.0,0.4,,,,1474000000.0,2540999936.0,-583000000.0,0.09559,0.00642,,71.149994
DHI,"D.R. Horton, Inc.",Consumer Cyclical,Residential Construction,40517169152.0,35315298304.0,4292199936.0,13.19,,,,2202299904.0,2870400000.0,1288112512.0,0.24187,0.13600999,,10.0
DTE,DTE Energy Company,Utilities,Utilities - Regulated Electric,27379660800.0,13656999936.0,1532999936.0,7.4,,,,33000000.0,3620999936.0,-1550125056.0,0.32876998,0.14032,,17.82973
DUK,Duke Energy Corporation (Holdin,Utilities,Utilities - Regulated Electric,91180015616.0,30512001024.0,4643999744.0,6.03,,,,475000000.0,12030999552.0,-2420750080.0,0.51612,0.28331,,19.454393
DD,"DuPont de Nemours, Inc.",Basic Materials,Specialty Chemicals,30851747840.0,12520999936.0,13000000.0,0.03,,,,1762000000.0,1736000000.0,1822625024.0,0.37058,0.16209999,,2457.3335
EMN,Eastman Chemical Company,Basic Materials,Specialty Chemicals,9187151872.0,9361999872.0,922000000.0,7.85,,,,418000000.0,1136000000.0,532375008.0,0.24909,0.1393,,10.136306
ETN,"Eaton Corporation, PLC",Industrials,Specialty Industrial Machinery,141736689664.0,25312000000.0,3936999936.0,9.92,,,,1939000064.0,4089999872.0,2571749888.0,0.38448003,0.18927,,36.514114
EBAY,eBay Inc.,Consumer Cyclical,Internet Retail,35190046720.0,10311999488.0,2047000064.0,4.16,,,,4793999872.0,2585999872.0,3102249984.0,0.71848,0.2383,,18.35577
ECL,Ecolab Inc.,Basic Materials,Specialty Chemicals,77708075008.0,15684500480.0,2102800000.0,7.36,,,,1402400000.0,2533900032.0,1633100032.0,0.43745,0.14715,,37.240486
EIX,Edison International,Utilities,Utilities - Regulated Electric,20219346944.0,17332000768.0,2729999872.0,7.07,,,,1318000000.0,5194999808.0,-1136125056.0,0.52954,0.23458,,7.4328146
EW,Edwards Lifesciences Corporatio,Healthcare,Medical Devices,45045014528.0,5522299904.0,1440300032.0,2.42,,,,3898500096.0,876200000.0,1447462528.0,0.79498,0.29015,,31.731405
EA,Electronic Arts Inc.,Communication Services,Electronic Gaming & Multimedia,39040131072.0,7463000064.0,1120999936.0,4.26,,,,2248000000.0,2079000064.0,1655750016.0,0.79324996,0.21055001,,36.47183
ELV,"Elevance Health, Inc.",Healthcare,Healthcare Plans,78589231104.0,183124000768.0,5917000192.0,25.71,,,,33652000768.0,4847000064.0,7437749760.0,0.27736,0.06424,,13.5293665
EMR,Emerson Electric Company,Industrials,Specialty Industrial Machinery,78614994944.0,17607000064.0,1972000000.0,3.46,,,,1887000064.0,3192000000.0,3432624896.0,0.52769,0.19765,,40.393063
ENPH,"Enphase Energy, Inc.",Technology,Solar,5585481728.0,1423128064.0,148484992.0,1.09,,,,1466856960.0,512905984.0,358479744.0,0.36846,0.098529994,,39.055046
ETR,Entergy Corporation,Utilities,Utilities - Regulated Electric,36563763200.0,11931898880.0,1341069056.0,3.09,,,,1513410048.0,4503605760.0,-2324900864.0,0.49988997,0.24892001,,26.511328
EOG,"EOG Resources, Inc.",Energy,Oil & Gas E&P,67213672448.0,23478999040.0,6077000192.0,10.8,,,,6599000064.0,11528999936.0,4095249920.0,0.61821,0.31735,,11.402778
EPAM,"EPAM Systems, Inc.",Technology,Information Technology Services,10357813248.0,4864166912.0,411772000.0,7.15,,,,1173639040.0,453409984.0,566563904.0,0.30247998,0.08377,,25.57063
EQT,EQT Corporation,Energy,Oil & Gas E&P,33110003712.0,6155850752.0,369228000.0,0.61,,,,281764000.0,3412476928.0,1317945600.0,0.68419,0.21042,,90.672134
EFX,"Equifax, Inc.",Industrials,Consulting Services,32516540416.0,5733700096.0,612300032.0,4.91,,,,195200000.0,1295699968.0,783900032.0,0.56438,0.16352,,53.321793
EQIX,"Equinix, Inc.",Real Estate,REIT - Specialty,76983549952.0,8814000128.0,927000000.0,9.54,,,,2950000128.0,3460000000.0,3243500032.0,0.49398997,0.20662001,,82.49476
EQR,Equity Residential,Real Estate,REIT - Residential,26190741504.0,3010099968.0,995214016.0,2.62,,,,39849000.0,1578100992.0,1447674240.0,0.63221,0.25534,,25.526718
ERIE,Erie Indemnity Company,Financial Services,Insurance Brokers,18141458432.0,3903813120.0,614179008.0,11.73,,,,288191008.0,642174016.0,362523872.0,0.1765,0.15917,,29.577154
ESS,"Essex Property Trust, Inc.",Real Estate,REIT - Residential,19623897088.0,1861154048.0,671900992.0,10.46,,,,102135000.0,1034953024.0,794400128.0,0.68777,0.33332002,,27.170174
EL,"Estee Lauder Companies, Inc. (T",Consumer Defensive,Household & Personal Products,31917197312.0,14785999872.0,-871000000.0,-2.42,,,,2631000064.0,1560000000.0,1570625024.0,0.73928,0.10845,,
EG,"Everest Group, Ltd.",Financial Services,Insurance - Reinsurance,14354611200.0,17401999360.0,841000000.0,19.81,,,,4515999744.0,4783000064.0,4593375232.0,0.065910004,0.08303001,,17.035841
EVRG,"Evergy, Inc.",Utilities,Utilities - Regulated Electric,16147786752.0,5890800128.0,875800000.0,3.8,,,,35300000.0,2116000000.0,-467612512.0,0.522,0.20989001,,18.468422
ES,Eversource Energy (D/B/A),Utilities,Utilities - Regulated Electric,23714703360.0,12686588928.0,840593024.0,2.28,,,,111362000.0,2909019904.0,-845830272.0,0.53669,0.23286,,28.311405
EXC,Exelon Corporation,Utilities,Utilities - Regulated Electric,43541458944.0,23698999296.0,2710000128.0,2.69,,,,1004000000.0,5776999936.0,-1935000064.0,0.41723,0.22699,,16.033457
EXE,Expand Energy Corporation,Energy,Oil & Gas E&P,25877837824.0,6568000000.0,-989000000.0,-5.81,,,,349000000.0,2108999936.0,1787374976.0,0.41367,-0.07508,,
EXPE,"Expedia Group, Inc.",Consumer Cyclical,Travel Services,22434314240.0,13790000128.0,1168999936.0,8.38,,,,6136999936.0,3158000128.0,1859500032.0,0.89542997,-0.014730001,,21.059666
EXPD,Expeditors International of Was,Industrials,Integrated Freight & Logistics,16211903488.0,11060255744.0,844716032.0,6.02,,,,1318520064.0,809078976.0,599665152.0,0.13369,0.099709995,,19.664452
EXR,Extra Space Storage Inc,Real Estate,REIT - Industrial,33872857088.0,3363286016.0,910886976.0,4.3,,,,129696000.0,1903277952.0,781681728.0,0.75918,0.44397,,35.55349
XOM,Exxon Mobil Corporation,Energy,Oil & Gas Integrated,483541614592.0,341088010240.0,33173000192.0,7.54,,,,17036000256.0,53311000576.0,21801000960.0,0.30786,0.12764,,14.880636
FFIV,"F5, Inc.",Technology,Software - Infrastructure,17236946944.0,2939781120.0,621350016.0,10.52,,,,1259282048.0,864843008.0,746167488.0,0.80896,0.21733,,28.529467
FDS,FactSet Research Systems Inc.,Financial Services,Financial Data & Stock Exchanges,16998024192.0,2287034112.0,532920000.0,13.88,,,,364044992.0,677321024.0,516919488.0,0.53332,0.33159,,32.272335
FICO,Fair Isaac Corporation,Technology,Software - Application,45163102208.0,1840360960.0,577089984.0,23.22,,,,146640992.0,708723968.0,553474496.0,0.80831003,0.49254,,79.904396
FAST,Fastenal Company,Industrials,Industrial Distribution,49480458240.0,7610299904.0,1151600000.0,1.0,,,,231800000.0,1099900032.0,683987520.0,0.44994,0.20103,,43.13
FRT,Federal Realty Investment Trust,Real Estate,REIT - Retail,8321945600.0,1223587968.0,292936992.0,3.48,,,,113294000.0,612446976.0,390635872.0,0.67888,0.34636003,,27.528736
FDX,FedEx Corporation,Industrials,Integrated Freight & Logistics,57798467584.0,87925997568.0,4092000000.0,16.81,,,,,7036000256.0,3176624896.0,0.27264,0.0764,,14.350387
FIS,Fidelity National Information S,Technology,Information Technology Services,42961547264.0,10190999552.0,865000000.0,1.57,,,,805000000.0,2865999872.0,1938875008.0,0.37033,0.13784,,52.082798
FITB,Fifth Third Bancorp,Financial Services,Banks - Regional,28969152512.0,7906999808.0,2152999936.0,3.15,,,,6358000128.0,3671000064.0,,0.0,0.33367002,,13.777778
FSLR,"First Solar, Inc.",Technology,Solar,19843356672.0,4256749056.0,1264962944.0,11.78,,,,890760000.0,342294016.0,-820771968.0,0.43608,0.26196,,15.707131
FE,FirstEnergy Corp.,Utilities,Utilities - Regulated Electric,23016980480.0,13763999744.0,1084999936.0,1.88,,,,132000000.0,3568000000.0,-1061875008.0,0.6942,0.20743999,,21.212767
FI,"Fiserv, Inc.",Technology,Information Technology Services,97330888704.0,20703000576.0,3247000064.0,5.66,,,,1176999936.0,6448000000.0,4059375104.0,0.60967,0.26803,,31.015902
F,Ford Motor Company,Consumer Cyclical,Auto Manufacturers,46963056640.0,182873997312.0,5017999872.0,1.25,,,,26993999872.0,17717000192.0,1385500032.0,0.08067001,0.00969,,9.448
FTNT,"Fortinet, Inc.",Technology,Software - Infrastructure,80873857024.0,6142199808.0,1879299968.0,2.43,,,,4780499968.0,2291000064.0,1964999936.0,0.81342006,0.29064,,43.481483
FTV,Fortive Corporation,Technology,Scientific & Technical Instruments,18030739456.0,6181499904.0,797400000.0,2.28,,,,892099968.0,1511800064.0,1302475008.0,0.59981,0.15845999,,23.267544
FOXA,Fox Corporation,Communication Services,Entertainment,24249655296.0,16104999936.0,1864999936.0,4.04,,,,4815000064.0,2710000128.0,2049874944.0,0.34535998,0.17387,,13.923267
FOX,Fox Corporation,Communication Services,Entertainment,24221784064.0,16104999936.0,1864999936.0,4.04,,,,4815000064.0,2710000128.0,2049874944.0,0.34535998,0.17387,,12.814357
BEN,"Franklin Resources, Inc.",Financial Services,Asset Management,13074961408.0,8697100288.0,358300000.0,0.69,,,,2753999872.0,891299968.0,-97662496.0,0.37884,0.09979,,36.05797
FCX,"Freeport-McMoRan, Inc.",Basic Materials,Copper,65777954816.0,24861999104.0,1760999936.0,1.22,,,,4384999936.0,6321999872.0,1922749952.0,0.38459998,0.22748,,37.54098
GRMN,Garmin Ltd.,Technology,Scientific & Technical Instruments,41352028160.0,6450353152.0,1468243968.0,7.6,,,,2674510080.0,1417954048.0,901582016.0,0.58585,0.21681,,28.25921
IT,"Gartner, Inc.",Technology,Information Technology Services,30808309760.0,6328614912.0,1254109056.0,16.05,,,,2093124992.0,1609597952.0,1007795904.0,0.67787004,0.18120001,,24.939566
GE,GE Aerospace,Industrials,Aerospace & Defense,263270367232.0,39680999424.0,6896999936.0,6.34,,,,13004999680.0,5224999936.0,2622874880.0,0.31882,0.21975,,38.940063
GEHC,GE HealthCare Technologies Inc.,Healthcare,Health Information Services,34831310848.0,19798999040.0,2183000064.0,4.76,,,,2454000128.0,1782000000.0,1576875008.0,0.42001998,0.14779,,15.9810915
GEV,GE Vernova Inc.,Industrials,Specialty Industrial Machinery,141118308352.0,35706998784.0,1936000000.0,6.97,,,,7807000064.0,4188000000.0,4210374912.0,0.18515,0.02826,,74.18077
GEN,Gen Digital Inc.,Technology,Software - Infrastructure,18910812160.0,3935000064.0,643000000.0,1.03,,,,1006000000.0,1220999936.0,1312499968.0,0.8028,0.44257,,29.601942
GNRC,Generac Holdlings Inc.,Industrials,Specialty Industrial Machinery,9002263552.0,4348682240.0,345550016.0,5.72,,,,187464000.0,687555008.0,488257120.0,0.39581,0.08878,,26.638111
GD,General Dynamics Corporation,Industrials,Aerospace & Defense,79112404992.0,49208000512.0,3976999936.0,14.4,,,,1242000000.0,4235000064.0,2482249984.0,0.15432,0.10529,,20.469446
GIS,"General Mills, Inc.",Consumer Defensive,Packaged Foods,28830050304.0,19486599168.0,2284699904.0,4.1,,,,363900000.0,2918200064.0,1248349952.0,0.34602,0.13492,,12.963415
GM,General Motors Company,Consumer Cyclical,Auto Manufacturers,50850295808.0,188447997952.0,7580000256.0,7.16,,,,19089000448.0,23037999104.0,1306000000.0,0.11969,0.07644,,7.386872
GPC,Genuine Parts Company,Consumer Cyclical,Auto Parts,17683234816.0,23569006592.0,849574016.0,6.09,,,,420447008.0,892118016.0,-3516500.0,0.36616,0.06105,,20.921183
GILD,"Gilead Sciences, Inc.",Healthcare,Drug Manufacturers - General,139009179648.0,28735000576.0,5965000192.0,4.76,,,,8711000064.0,10366000128.0,9989000192.0,0.78288,0.38487998,,23.47689
GPN,Global Payments Inc.,Industrials,Specialty Business Services,19961577472.0,10097805312.0,1562791936.0,6.18,,,,2896024064.0,3558227968.0,3779338752.0,0.62867,0.23281999,,13.244337
GL,Globe Life Inc.,Financial Services,Insurance - Life,10004198400.0,5842352128.0,1071107968.0,12.28,,,,366336000.0,1483521024.0,1351823232.0,0.32720003,0.24128,,9.869707
GDDY,GoDaddy Inc.,Technology,Software - Infrastructure,25265973248.0,4658999808.0,754899968.0,5.19,,,,805299968.0,1395200000.0,958425024.0,0.63984,0.21008,,34.165703
GS,"Goldman Sachs Group, Inc. (The)",Financial Services,Capital Markets,222054694912.0,53043998720.0,14126999552.0,43.1,,,,1031163019264.0,-22403999744.0,,0.82837,0.38146,,16.79072
HAL,Halliburton Company,Energy,Oil & Gas Equipment & Services,18501066752.0,22556999680.0,2099000064.0,2.39,,,,1804000000.0,3755000064.0,1766875008.0,0.18167,0.1283,,9.004184
HIG,"The Hartford Insurance Group, I",Financial Services,Insurance - Property & Casualty,35510034432.0,26946000896.0,2967000064.0,10.03,,,,3504000000.0,5797000192.0,5297249792.0,0.34658,0.12219,,12.461616
HAS,"Hasbro, Inc.",Consumer Cyclical,Leisure,10879614976.0,4265299968.0,426000000.0,3.03,,,,620800000.0,807699968.0,522600000.0,0.64394,0.22264,,25.623762
HCA,"HCA Healthcare, Inc.",Healthcare,Medical Care Facilities,90595352576.0,71584997376.0,5778999808.0,22.53,,,,1167000064.0,9696000000.0,3314249984.0,0.40897998,0.15583,,16.714602
DOC,"Healthpeak Properties, Inc.",Real Estate,REIT - Healthcare Facilities,12658017280.0,2796777984.0,278271008.0,0.41,,,,84139000.0,1197362048.0,753127744.0,0.63589,0.1885,,44.439022
HSIC,"Henry Schein, Inc.",Healthcare,Medical Distribution,9334123520.0,12668999680.0,407000000.0,3.21,,,,127000000.0,688000000.0,548625024.0,0.31605,0.05745,,23.26168
HSY,The Hershey Company,Consumer Defensive,Confectioners,35753529344.0,10754932736.0,1647988992.0,8.13,,,,1515251968.0,2359143936.0,1252741120.0,0.42560002,0.13914,,21.706026
HES,Hess Corporation,Energy,Oil & Gas E&P,44544303104.0,12270000128.0,2227000064.0,7.2,,,,1324000000.0,6115999744.0,717249984.0,0.79006,0.29604998,,20.004168
HPE,Hewlett Packard Enterprise Comp,Technology,Communication Equipment,28002775040.0,31648999424.0,1372000000.0,1.04,,,,10997000192.0,2332999936.0,81000000.0,0.30336002,0.050219998,,20.519232
HLT,Hilton Worldwide Holdings Inc.,Consumer Cyclical,Lodging,64991936512.0,4759000064.0,1570000000.0,6.32,,,,731000000.0,2119000064.0,1668749952.0,0.76508003,0.50047,,43.26266
HOLX,"Hologic, Inc.",Healthcare,Medical Instruments & Supplies,14435898368.0,4026500096.0,556700032.0,2.38,,,,1625699968.0,1131500032.0,775875008.0,0.61013,0.22172001,,27.218485
HD,"Home Depot, Inc. (The)",Consumer Cyclical,Home Improvement Retail,369794842624.0,162952003584.0,14638999552.0,14.73,,,,1368999936.0,18638000128.0,10957625344.0,0.33344,0.12878999,,25.232859
HON,Honeywell International Inc.,Industrials,Conglomerates,154638991360.0,39215001600.0,5690999808.0,8.71,,,,10058999808.0,6246000128.0,4354625024.0,0.38059,0.21829,,27.600458
HRL,Hormel Foods Corporation,Consumer Defensive,Packaged Foods,16755299328.0,11924157440.0,747489984.0,1.36,,,,698980992.0,992257024.0,449302016.0,0.16558,0.08609,,22.404411
HST,"Host Hotels & Resorts, Inc.",Real Estate,REIT - Hotel & Motel,11397444608.0,5816000000.0,677000000.0,0.96,,,,428000000.0,1438000000.0,1235250048.0,0.29127002,0.17768,,16.885416
HWM,Howmet Aerospace Inc.,Industrials,Aerospace & Defense,73089212416.0,7548000256.0,1254000000.0,3.06,,,,536000000.0,1374000000.0,790124992.0,0.31941998,0.24923,,59.169933
HPQ,HP Inc.,Technology,Computer Hardware,24421099520.0,54298001408.0,2516999936.0,2.6,,,,2696999936.0,3459000064.0,2654625024.0,0.21154,0.06021,,10.0
HUBB,Hubbell Inc,Industrials,Electrical Equipment & Parts,22141089792.0,5594599936.0,798200000.0,14.78,,,,360300000.0,936400000.0,640574976.0,0.34213,0.17265,,28.06766
HUM,Humana Inc.,Healthcare,Healthcare Plans,28927696896.0,120262000640.0,1710000000.0,14.16,,,,22137999360.0,2873999872.0,-2093124992.0,0.15123,0.06347,,16.926554
HBAN,Huntington Bancshares Incorpora,Financial Services,Banks - Regional,25552447488.0,7104000000.0,1918000000.0,1.3,,,,16552999936.0,1846000000.0,,0.0,0.38901,,13.492309
HII,"Huntington Ingalls Industries, ",Industrials,Aerospace & Defense,9891392512.0,11463999488.0,546000000.0,13.88,,,,167000000.0,200000000.0,-86875000.0,0.12814,0.07169,,18.161383
IBM,International Business Machines,Technology,Information Technology Services,271356035072.0,62832001024.0,5494000128.0,5.84,,,,17464999936.0,13646999552.0,10564249600.0,0.57041,0.12399,,49.99486
IEX,IDEX Corporation,Industrials,Specialty Industrial Machinery,13692459008.0,3282599936.0,479100000.0,6.3,,,,594099968.0,617200000.0,479100000.0,0.44592997,0.19649,,28.76984
IDXX,"IDEXX Laboratories, Inc.",Healthcare,Diagnostics & Research,43991584768.0,3931835904.0,894964992.0,10.8,,,,163970000.0,968377984.0,761150144.0,0.61275,0.31702998,,50.649075
ITW,Illinois Tool Works Inc.,Industrials,Specialty Industrial Machinery,75835113472.0,15763999744.0,3368999936.0,11.36,,,,873000000.0,3284000000.0,2692375040.0,0.43707,0.25059,,22.755281
INCY,Incyte Corporation,Healthcare,Biotechnology,13249865728.0,4413225984.0,21270000.0,0.2,,,,2408657920.0,382592992.0,618045760.0,0.37054002,0.20653999,,342.24997
IR,Ingersoll Rand Inc.,Industrials,Specialty Industrial Machinery,35093213184.0,7281699840.0,822899968.0,2.02,,,,1631100032.0,1491500032.0,1108525056.0,0.43797,0.19,,43.059406
PODD,Insulet Corporation,Healthcare,Medical Devices,21186361344.0,2198899968.0,402200000.0,5.55,,,,1283100032.0,406500000.0,84250000.0,0.70394,0.15606,,54.24324
INTC,Intel Corporation,Technology,Semiconductors,98101379072.0,53043998720.0,-19196000256.0,-4.48,,,,21048000512.0,10323999744.0,-7000750080.0,0.33122003,-0.00245,,
ICE,Intercontinental Exchange Inc.,Financial Services,Financial Data & Stock Exchanges,105036652544.0,9461999616.0,2784000000.0,4.83,,,,783000000.0,4566000128.0,2783000064.0,1.0,0.50667,,37.910973
IFF,International Flavors & Fragran,Basic Materials,Specialty Chemicals,19524450304.0,11427999744.0,-835000000.0,-3.26,,,,613000000.0,1098000000.0,-1259374976.0,0.36183,0.09427,,
IP,International Paper Company,Consumer Cyclical,Packaging & Containers,26622099456.0,19900999680.0,396000000.0,1.17,,,,1156000000.0,995000000.0,485624992.0,0.29038998,-0.00644,,43.102566
IPG,"Interpublic Group of Companies,",Communication Services,Advertising Agencies,9383874560.0,9000999936.0,493700000.0,1.31,,,,1868999936.0,1175600000.0,1069362496.0,0.22551,0.07955,,19.374046
INTU,Intuit Inc.,Technology,Software - Application,217757204480.0,18183999488.0,3468000000.0,12.22,,,,,6242999808.0,5197749760.0,0.80263,0.15697,,63.88216
ISRG,"Intuitive Surgical, Inc.",Healthcare,Medical Instruments & Supplies,195147825152.0,8714900480.0,2476100096.0,6.81,,,,4511300096.0,2731200000.0,1659849984.0,0.67086,0.25655,,79.95154
IVZ,Invesco Ltd,Financial Services,Asset Management,7487611904.0,6120900096.0,567600000.0,1.25,,,,821699968.0,1159800064.0,10569037824.0,0.28774,0.18134001,,13.384
INVH,Invitation Homes Inc.,Real Estate,REIT - Residential,19994394624.0,2618856960.0,476523008.0,0.78,,,,119852000.0,1116736000.0,977758976.0,0.58558,0.27612,,41.820515
IQV,"IQVIA Holdings, Inc.",Healthcare,Diagnostics & Research,28413521920.0,15496999936.0,1334000000.0,7.33,,,,1876000000.0,2761999872.0,2157750016.0,0.34715998,0.13711001,,22.40655
IRM,Iron Mountain Incorporated (Del,Real Estate,REIT - Specialty,29705029632.0,6265574912.0,122047000.0,0.41,,,,155338000.0,1263969024.0,-776869888.0,0.56054,0.20121,,245.56097
JBHT,"J.B. Hunt Transport Services, I",Industrials,Integrated Freight & Logistics,15164870656.0,12064594944.0,561132992.0,5.51,,,,43407000.0,1420881024.0,337648992.0,0.18825,0.061160002,,27.745916
JBL,Jabil Inc.,Technology,Electronic Components,24255166464.0,28514000896.0,577000000.0,5.26,,,,1523000064.0,1587000064.0,1419874944.0,0.08859,0.04893,,42.967678
JKHY,"Jack Henry & Associates, Inc.",Technology,Information Technology Services,13202997248.0,2319827968.0,429216992.0,5.87,,,,39870000.0,546190976.0,230522256.0,0.42058998,0.23712999,,30.889269
J,Jacobs Solutions Inc.,Industrials,Engineering & Construction,15933887488.0,11686905856.0,380030016.0,3.04,,,,1380508032.0,690160000.0,1289841024.0,0.25028,0.06695,,43.62171
JNJ,Johnson & Johnson,Healthcare,Drug Manufacturers - General,375370973184.0,89330999296.0,21809999872.0,8.99,,,,38781001728.0,24782999552.0,16797124608.0,0.68901,0.29407,,17.353725
JCI,Johnson Controls International ,Industrials,Building Products & Equipment,70220193792.0,23247998976.0,2224000000.0,3.31,,,,799000000.0,3392999936.0,2593499904.0,0.36012,0.11311,,32.23867
JPM,JP Morgan Chase & Co.,Financial Services,Banks - Diversified,822610624512.0,168713994240.0,58242998272.0,20.38,,,,1478705020928.0,-139692998656.0,,0.0,0.43342,,14.524044
K,Kellanova,Consumer Defensive,Packaged Foods,27755120640.0,12632000512.0,1380000000.0,3.97,,,,336000000.0,1512000000.0,722124992.0,0.36661,0.14823,,20.151133
KVUE,Kenvue Inc.,Consumer Defensive,Household & Personal Products,40414105600.0,15301999616.0,1056000000.0,0.56,,,,1057000000.0,1910000000.0,1793374976.0,0.58241004,0.16707,,37.589283
KDP,Keurig Dr Pepper Inc.,Consumer Defensive,Beverages - Non-Alcoholic,45893238784.0,15518000128.0,1504000000.0,1.1,,,,653000000.0,2343000064.0,1535000064.0,0.55252,0.22118,,30.718182
KEY,KeyCorp,Financial Services,Banks - Regional,20231051264.0,4464000000.0,-118000000.0,-0.19,,,,3624000000.0,165000000.0,,0.0,0.31288,,
KEYS,Keysight Technologies Inc.,Technology,Scientific & Technical Instruments,28750807040.0,5107999744.0,742000000.0,4.25,,,,3118000128.0,1476000000.0,976499968.0,0.61882997,0.20521,,39.30588
KMB,Kimberly-Clark Corporation,Consumer Defensive,Household & Personal Products,43839528960.0,19748999168.0,2464999936.0,7.35,,,,563000000.0,3123000064.0,2051624960.0,0.36451998,0.16941999,,17.97551
KIM,Kimco Realty Corporation (HC),Real Estate,REIT - Retail,14625844224.0,2069884032.0,515387008.0,0.76,,,,131655000.0,1053342976.0,797736128.0,0.68698996,0.33567002,,28.44737
KMI,"Kinder Morgan, Inc.",Energy,Oil & Gas Midstream,63148892160.0,15498999808.0,2568999936.0,1.16,,,,86000000.0,5608000000.0,257875008.0,0.50261,0.26997998,,24.49138
KKR,KKR & Co. Inc.,Financial Services,Asset Management,128234110976.0,20308705280.0,2194629888.0,2.31,,,,40343830528.0,7672171008.0,,0.60527,0.17134,,60.000004
KLAC,KLA Corporation,Technology,Semiconductor Equipment & Materials,122267385856.0,11550155776.0,3695239936.0,27.45,,,,4028622080.0,3809527040.0,2567814400.0,0.60562,0.42453998,,33.68233
KHC,The Kraft Heinz Company,Consumer Defensive,Packaged Foods,31553175552.0,25433999360.0,2655000064.0,2.19,,,,2787000064.0,4132999936.0,2305625088.0,0.34576,0.20552999,,12.173515
KR,Kroger Company (The),Consumer Defensive,Grocery Stores,46168522752.0,146972000256.0,2564000000.0,3.67,,,,2308999936.0,5600999936.0,2850500096.0,0.23811,0.01993,,19.027248
LHX,"L3Harris Technologies, Inc.",Industrials,Aerospace & Defense,47807700992.0,21245999104.0,1604999936.0,8.42,,,,517000000.0,2620999936.0,3564999936.0,0.2601,0.13328,,30.371733
LH,Labcorp Holdings Inc.,Healthcare,Diagnostics & Research,21920194560.0,13177400320.0,730800000.0,8.66,,,,369400000.0,1634099968.0,967924992.0,0.27889,0.09937,,30.241343
LRCX,Lam Research Corporation,Technology,Semiconductor Equipment & Materials,126389846016.0,17135705088.0,4658411008.0,3.59,,,,5450718208.0,4481505792.0,2826895104.0,0.48056,0.33087003,,27.523676
LW,"Lamb Weston Holdings, Inc.",Consumer Defensive,Packaged Foods,7404356608.0,6387400192.0,367000000.0,2.55,,,,67500000.0,802000000.0,15387500.0,0.23803,0.17034,,20.576471
LVS,Las Vegas Sands Corp.,Consumer Cyclical,Resorts & Casinos,34073602048.0,11201000448.0,1304000000.0,1.79,,,,3036000000.0,3016000000.0,1662249984.0,0.79011,0.21523,,26.938549
LDOS,"Leidos Holdings, Inc.",Technology,Information Technology Services,21181999104.0,16931999744.0,1332999936.0,9.92,,,,845000000.0,1336999936.0,921625024.0,0.17228001,0.12415,,16.588709
LEN,Lennar Corporation,Consumer Cyclical,Residential Construction,28377264128.0,35371978752.0,3217039872.0,12.07,,,,6433734144.0,,,0.20634001,0.07911,,9.123447
LII,"Lennox International, Inc.",Industrials,Building Products & Equipment,21440624640.0,5366799872.0,802899968.0,22.46,,,,222900000.0,932700032.0,589800000.0,0.32801998,0.14423001,,26.902048
LLY,Eli Lilly and Company,Healthcare,Drug Manufacturers - General,700835561472.0,49003200512.0,11106400256.0,12.31,,,,3221799936.0,9317499904.0,-1821975040.0,0.81697,0.42490003,,63.41754
LIN,Linde plc,Basic Materials,Specialty Chemicals,223866912768.0,33016999936.0,6610999808.0,13.79,,,,5294000128.0,9630000128.0,3411000064.0,0.48257,0.28291,,34.48731
LYV,"Live Nation Entertainment, Inc.",Communication Services,Entertainment,34596605952.0,22738212864.0,692904000.0,2.95,,,,7158680064.0,2057555968.0,1639135232.0,0.25536,0.03328,,50.600002
LKQ,LKQ Corporation,Consumer Cyclical,Auto Parts,9985164288.0,14115000320.0,701000000.0,2.69,,,,227000000.0,865000000.0,510249984.0,0.39270002,0.08605,,14.379182
LMT,Lockheed Martin Corporation,Industrials,Aerospace & Defense,108366585856.0,71810998272.0,5503000064.0,23.22,,,,1803000064.0,6745999872.0,5291125248.0,0.10231,0.12687,,19.919035
L,Loews Corporation,Financial Services,Insurance - Property & Casualty,19373905920.0,17773000704.0,1327000064.0,6.1,,,,5715999744.0,3563000064.0,3020999936.0,0.36301997,0.13796,,15.145902
LOW,"Lowe's Companies, Inc.",Consumer Cyclical,Home Improvement Retail,127953600512.0,83240001536.0,6825999872.0,12.1,,,,3054000128.0,8741999616.0,5662374912.0,0.33365002,0.119160004,,18.868595
LULU,lululemon athletica inc.,Consumer Cyclical,Apparel Retail,29684695040.0,10749894656.0,1807767040.0,14.7,,,,1325272064.0,2026235008.0,1183213952.0,0.59339,0.18502001,,16.84898
LYB,LyondellBasell Industries NV,Basic Materials,Specialty Chemicals,19930013696.0,39674998784.0,939000000.0,2.89,,,,1895000064.0,3353999872.0,1453374976.0,0.10105,0.01433,,21.456745
MTB,M&T Bank Corporation,Financial Services,Banks - Regional,32517330944.0,8785000448.0,2491000064.0,14.94,,,,23079000064.0,3636999936.0,,0.0,0.36626998,,13.559572
MPC,Marathon Petroleum Corporation,Energy,Oil & Gas Refining & Marketing,54085029888.0,137968992256.0,2432000000.0,7.26,,,,3812000000.0,7069000192.0,2657750016.0,0.0867,0.01429,,24.249311
MKTX,"MarketAxess Holdings, Inc.",Financial Services,Capital Markets,8127743488.0,815355008.0,216631008.0,5.77,,,,586390976.0,419815008.0,503360736.0,0.62065,0.42374,,37.561523
MAR,Marriott International,Consumer Cyclical,Lodging,76699099136.0,6681999872.0,2476000000.0,8.8,,,,523000000.0,2616999936.0,1812999936.0,0.81891996,0.59016997,,31.82159
MMC,"Marsh & McLennan Companies, Inc",Financial Services,Insurance Brokers,105975939072.0,25045999616.0,4040999936.0,8.15,,,,1604000000.0,4461000192.0,4121999872.0,0.44318,0.30435,,26.390186
MLM,"Martin Marietta Materials, Inc.",Basic Materials,Building Materials,33632622592.0,6638000128.0,1066000000.0,17.43,,,,101000000.0,1504999936.0,291875008.0,0.29542,0.14782,,32.007458
MAS,Masco Corporation,Industrials,Building Products & Equipment,14002329600.0,7703000064.0,793000000.0,3.66,,,,377000000.0,1011000000.0,734000000.0,0.36336,0.1588,,18.13661
MA,Mastercard Incorporated,Financial Services,Credit Services,516916576256.0,29069000704.0,13143000064.0,14.26,,,,7894000128.0,15488000000.0,14451000320.0,1.0,0.5931,,39.91865
MTCH,"Match Group, Inc.",Communication Services,Internet Content & Information,7979621376.0,3450904064.0,545648000.0,2.02,,,,414169984.0,841732992.0,691691648.0,0.71917,0.20764999,,16.108912
MKC,"McCormick & Company, Incorporat",Consumer Defensive,Packaged Foods,20155080704.0,6742799872.0,775600000.0,2.87,,,,124100000.0,781800000.0,428837504.0,0.38542998,0.15649,,26.184671
MCD,McDonald's Corporation,Consumer Cyclical,Restaurants,210276909056.0,25706999808.0,8161999872.0,11.34,,,,1238000000.0,9484999680.0,5306375168.0,0.56825,0.44577,,25.93298
MCK,McKesson Corporation,Healthcare,Medical Distribution,89843441664.0,359051001856.0,3295000064.0,25.75,,,,5690999808.0,6085000192.0,4733250048.0,0.03571,0.0153,,27.93398
MDT,Medtronic plc.,Healthcare,Medical Devices,113250574336.0,33536999424.0,4662000128.0,3.61,,,,8965000192.0,7043999744.0,4206249984.0,0.65392995,0.17094,,24.484766
MRK,"Merck & Company, Inc.",Healthcare,Drug Manufacturers - General,203217666048.0,63921999872.0,17433999360.0,6.88,,,,9228000256.0,20878000128.0,17124249600.0,0.7707,0.40061,,11.763082
META,"Meta Platforms, Inc.",Communication Services,Internet Content & Information,1807828516864.0,170359996416.0,66635001856.0,25.55,,,,70229999616.0,96108003328.0,36658999296.0,0.81767,0.41487,,28.141293
MET,"MetLife, Inc.",Financial Services,Insurance - Life,54140182528.0,73494003712.0,4304999936.0,6.12,,,,30075000832.0,16531999744.0,1656249984.0,0.25799,0.102910005,,13.178105
MTD,"Mettler-Toledo International, I",Healthcare,Diagnostics & Research,25128067072.0,3830156032.0,849217984.0,40.03,,,,64291000.0,972808000.0,743663872.0,0.60137004,0.25193,,30.204346
MGM,MGM Resorts International,Consumer Cyclical,Resorts & Casinos,10230080512.0,17134156800.0,674556032.0,2.24,,,,2270563072.0,2360303104.0,556492032.0,0.45415002,0.09666,,16.78125
MCHP,Microchip Technology Incorporat,Technology,Semiconductors,39408488448.0,4401600000.0,-2700000.0,-0.01,,,,771699968.0,898099968.0,1055487488.0,0.56068003,-0.02957,,
MU,"Micron Technology, Inc.",Technology,Semiconductors,136858402816.0,33813000192.0,6224999936.0,5.55,,,,10810999808.0,15200000000.0,1219874944.0,0.37133998,0.2332,,22.034233
MSFT,Microsoft Corporation,Technology,Software - Infrastructure,3707648344064.0,270010007552.0,96635002880.0,12.92,,,,79617998848.0,130710003712.0,54817001472.0,0.69074994,0.45671,,38.609905
MAA,Mid-America Apartment Communiti,Real Estate,REIT - Residential,18074155008.0,2196687872.0,561670016.0,4.8,,,,55776000.0,1094653056.0,990585280.0,0.59199,0.29018,,31.347916
MRNA,"Moderna, Inc.",Healthcare,Biotechnology,11791764480.0,3176999936.0,-3356999936.0,-8.73,,,,5975000064.0,-3052000000.0,-3197499904.0,-0.82373,-9.722219,,
MHK,"Mohawk Industries, Inc.",Consumer Cyclical,"Furnishings, Fixtures & Appliances",6930237440.0,10683299840.0,485300000.0,7.65,,,,702499968.0,953900032.0,669262528.0,0.25469,0.04802,,14.488888
MOH,Molina Healthcare Inc,Healthcare,Healthcare Plans,12985236480.0,40289001472.0,1176000000.0,20.7,,,,9294000128.0,620000000.0,585374976.0,0.119040005,0.040430002,,11.573913
TAP,Molson Coors Beverage Company,Consumer Defensive,Beverages - Brewers,10001760256.0,11334700032.0,1035600000.0,4.97,,,,412700000.0,1794200064.0,671500032.0,0.39001998,0.10047,,9.947686
MDLZ,"Mondelez International, Inc.",Consumer Defensive,Confectioners,89329623040.0,36464001024.0,3600999936.0,2.69,,,,1560999936.0,4678000128.0,3596750080.0,0.32736,0.07763,,25.64684
MPWR,"Monolithic Power Systems, Inc.",Technology,Semiconductors,36323684352.0,2386768896.0,1827949952.0,37.46,,,,1026664000.0,796745984.0,443831744.0,0.55374,0.2647,,20.252003
MNST,Monster Beverage Corporation,Consumer Defensive,Beverages - Non-Alcoholic,61518520320.0,7448168960.0,1509991936.0,1.52,,,,1903419008.0,2023991040.0,1444561536.0,0.5464,0.30844,,41.5
MCO,Moody's Corporation,Financial Services,Financial Data & Stock Exchanges,90879483904.0,7225999872.0,2106000000.0,11.58,,,,2200999936.0,2820000000.0,2182374912.0,0.72751,0.45894,,43.614853
MS,Morgan Stanley,Financial Services,Capital Markets,231246675968.0,63958999040.0,13690999808.0,8.53,,,,548954996736.0,-26973999104.0,,0.86549,0.37457,,16.898008
MOS,Mosaic Company (The),Basic Materials,Agricultural Inputs,11823200256.0,11064299520.0,367800000.0,1.16,,,,259200000.0,1422099968.0,502837504.0,0.14471,0.12915,,32.12931
MSI,"Motorola Solutions, Inc.",Technology,Communication Equipment,70912589824.0,10956000256.0,2046000000.0,11.99,,,,1564000000.0,2519000064.0,1923000064.0,0.51424,0.24881001,,35.43286
MSCI,MSCI Inc.,Financial Services,Financial Data & Stock Exchanges,45474328576.0,2921989120.0,1141773952.0,14.51,,,,357105984.0,1503227008.0,1127484800.0,0.82113,0.50551,,40.505856
NDAQ,"Nasdaq, Inc.",Financial Services,Financial Data & Stock Exchanges,51711168512.0,7816000000.0,1278000000.0,2.21,,,,705000000.0,2072000000.0,1834000000.0,0.61016,0.27368,,40.755653
NTAP,"NetApp, Inc.",Technology,Computer Hardware,21491257344.0,6572000256.0,1186000000.0,5.67,,,,3852999936.0,1506000000.0,1158625024.0,0.70192003,0.22748,,18.917109
NFLX,"Netflix, Inc.",Communication Services,Entertainment,552042233856.0,40173326336.0,9269773312.0,21.2,,,,8370990080.0,7938040832.0,21784893440.0,0.46919,0.31746998,,61.187737
NEM,Newmont Corporation,Basic Materials,Gold,66668699648.0,19669000192.0,5005000192.0,4.39,,,,4716000256.0,7617999872.0,7086374912.0,0.52789,0.40240002,,13.644648
NWSA,News Corporation,Communication Services,Entertainment,17716205568.0,10268000256.0,467000000.0,0.82,,,,2102000000.0,1200999936.0,-670875008.0,0.51948,0.0896,,36.26829
NWS,News Corporation,Communication Services,Entertainment,17649016832.0,10268000256.0,467000000.0,0.82,,,,2102000000.0,1200999936.0,-670875008.0,0.51948,0.0896,,41.939026
NEE,"NextEra Energy, Inc.",Utilities,Utilities - Regulated Electric,152091574272.0,25269000192.0,5511000064.0,2.67,,,,2419000064.0,12952000512.0,-11337249792.0,0.60841,0.3661,,27.67041
NKE,"Nike, Inc.",Consumer Cyclical,Footwear & Accessories,112750878720.0,46308999168.0,3219000064.0,2.16,,,,9150999552.0,,,0.42735,0.02893,,35.365738
NI,NiSource Inc,Utilities,Utilities - Regulated Gas,18621011968.0,5932000256.0,868099968.0,1.85,,,,259400000.0,2011699968.0,-601249984.0,0.51035,0.34623,,21.383783
NDSN,Nordson Corporation,Industrials,Specialty Industrial Machinery,12589052928.0,2704443904.0,446551008.0,7.77,,,,130157000.0,539521024.0,304186752.0,0.54785,0.24858999,,28.671814
NSC,Norfolk Southern Corporation,Industrials,Railroads,59179048960.0,12112000000.0,3316000000.0,14.65,,,,1006000000.0,4163000064.0,1379874944.0,0.49488,0.32843,,17.918089
NTRS,Northern Trust Corporation,Financial Services,Asset Management,25620787200.0,8577099776.0,2148499968.0,10.71,,,,8066899968.0,3716400128.0,,0.0,0.2689,,12.296919
NOC,Northrop Grumman Corporation,Industrials,Aerospace & Defense,72568496128.0,40368001024.0,3711000064.0,25.34,,,,1684999936.0,3528999936.0,2911749888.0,0.19344999,0.074250005,,19.897396
NCLH,Norwegian Cruise Line Holdings ,Consumer Cyclical,Travel Services,9820817408.0,9415989248.0,852609024.0,1.76,,,,184359008.0,1921873024.0,-750045888.0,0.40471,0.094440006,,12.488636
NRG,"NRG Energy, Inc.",Utilities,Utilities - Independent Power Producers,30966829056.0,29286000640.0,1296999936.0,6.28,,,,693000000.0,2894000128.0,2221499904.0,0.21468,0.13384,,25.221336
NUE,Nucor Corporation,Basic Materials,Steel,31813640192.0,30427000832.0,1332000000.0,5.67,,,,4060999936.0,3883000064.0,193982000.0,0.10524,0.04138,,24.315695
NVDA,NVIDIA Corporation,Technology,Semiconductors,3885920157696.0,148514996224.0,76773998592.0,3.1,,,,53690998784.0,76158001152.0,55443001344.0,0.70107,0.49108002,,51.4
NVR,"NVR, Inc.",Consumer Cyclical,Residential Construction,22289057792.0,10742590464.0,1587234944.0,484.76,,,,2176901888.0,1435784960.0,1303018240.0,0.24995,0.16814,,15.725802
NXPI,NXP Semiconductors N.V.,Technology,Semiconductors,58635190272.0,12323000320.0,2360999936.0,9.18,,,,3988000000.0,2496000000.0,1445624960.0,0.56196,0.25996,,25.283224
ORLY,"O'Reilly Automotive, Inc.",Consumer Cyclical,Auto Parts,78072717312.0,16869163008.0,2377926912.0,2.72,,,,191248000.0,3100481024.0,1610164736.0,0.51228,0.17923,,33.577206
OXY,Occidental Petroleum Corporatio,Energy,Oil & Gas E&P,43105026048.0,27552999424.0,2455000064.0,2.47,,,,2612000000.0,11580000256.0,4067624960.0,0.64095,0.22152,,17.732794
ODFL,"Old Dominion Freight Line, Inc.",Industrials,Trucking,36142911488.0,5729594880.0,1148429056.0,5.33,,,,97198000.0,1571908992.0,607407232.0,0.39749,0.24588,,32.08818
OMC,Omnicom Group Inc.,Communication Services,Advertising Agencies,14630758400.0,15749000192.0,1449699968.0,7.32,,,,3378299904.0,1565200000.0,1268012544.0,0.18653,0.1318,,10.206284
ON,ON Semiconductor Corporation,Technology,Semiconductors,23652290560.0,6665299968.0,633699968.0,1.44,,,,3012499968.0,2010000000.0,1121924992.0,0.39853,-0.02379,,39.305553
OKE,"ONEOK, Inc.",Energy,Oil & Gas Midstream,51307270144.0,24960000000.0,3031000064.0,5.12,,,,141000000.0,5196000256.0,1758000000.0,0.35621,0.15691,,16.042969
ORCL,Oracle Corporation,Technology,Software - Infrastructure,666591559680.0,57399001088.0,12442999808.0,4.35,,,,11203000320.0,20821000192.0,678000000.0,0.7051,0.32484,,54.556324
OTIS,Otis Worldwide Corporation,Industrials,Specialty Industrial Machinery,39274307584.0,14174000128.0,1535000064.0,3.82,,,,1918000000.0,1582000000.0,1348499968.0,0.30175,0.16537,,26.04974
PCAR,PACCAR Inc.,Industrials,Farm & Heavy Construction Machinery,51267497984.0,32361199616.0,3471800064.0,6.59,,,,8099999744.0,4082200064.0,-49712500.0,0.16684,0.12236,,14.819424
PKG,Packaging Corporation of Americ,Consumer Cyclical,Packaging & Containers,18202052608.0,8544799744.0,856000000.0,9.55,,,,843100032.0,1269900032.0,388112512.0,0.21913,0.13769001,,21.182198
PLTR,Palantir Technologies Inc.,Technology,Software - Infrastructure,317077487616.0,3115023872.0,570691008.0,0.22,,,,5430688768.0,1334548992.0,931205248.0,0.8001,0.19917999,,610.7273
PANW,"Palo Alto Networks, Inc.",Technology,Software - Infrastructure,134573580288.0,8874699776.0,1237799936.0,1.73,,,,3300199936.0,3207899904.0,3175474944.0,0.73561996,0.09803,,116.658966
PARA,Paramount Global,Communication Services,Entertainment,9114972160.0,28720001024.0,-5488999936.0,-8.26,,,,2672999936.0,672000000.0,15055750144.0,0.32584,0.0787,,
PH,Parker-Hannifin Corporation,Industrials,Specialty Industrial Machinery,91891548160.0,19793741824.0,3392791040.0,25.97,,,,408735008.0,3546012928.0,2980823296.0,0.36653,0.21664,,27.691568
PAYX,"Paychex, Inc.",Technology,Software - Application,53040365568.0,5571700224.0,1657299968.0,4.58,,,,1663100032.0,1951100032.0,1497562496.0,0.72353,0.37553,,32.124454
PAYC,"Paycom Software, Inc.",Technology,Software - Application,13055998976.0,1913799936.0,394200000.0,7.03,,,,520800000.0,567800000.0,296926496.0,0.85892,0.34892,,33.153625
PYPL,"PayPal Holdings, Inc.",Financial Services,Credit Services,74486300672.0,31889000448.0,4545999872.0,4.45,,,,11210999808.0,6693000192.0,1741874944.0,0.41397,0.20139,,17.211235
PNR,Pentair plc.,Industrials,Specialty Industrial Machinery,17583001600.0,4076000000.0,647000000.0,3.87,,,,140600000.0,835400000.0,658825024.0,0.39657003,0.22476,,27.614988
PEP,"Pepsico, Inc.",Consumer Defensive,Beverages - Non-Alcoholic,185616809984.0,91522998272.0,9370000384.0,6.8,,,,8582000128.0,12574999552.0,7581499904.0,0.55074,0.15816,,19.908823
PFE,"Pfizer, Inc.",Healthcare,Drug Manufacturers - General,144294674432.0,62464000000.0,7866999808.0,1.38,,,,17319000064.0,13989000192.0,15049249792.0,0.74424005,0.35166,,18.391304
PCG,Pacific Gas & Electric Co.,Utilities,Utilities - Regulated Electric,30569730048.0,24540999680.0,2350000128.0,1.09,,,,2023000064.0,8622000128.0,-5102249984.0,0.3759,0.23082,,12.761467
PM,Philip Morris International Inc,Consumer Defensive,Tobacco,278430285824.0,38385999872.0,7574000128.0,6.35,,,,4442999808.0,11626000384.0,8564250112.0,0.65680003,0.41017,,28.17008
PSX,Phillips 66,Energy,Oil & Gas Refining & Marketing,51862654976.0,137772007424.0,1846000000.0,4.44,,,,1488999936.0,4614000128.0,1671624960.0,0.09099,-0.00483,,28.668919
PNW,Pinnacle West Capital Corporati,Utilities,Utilities - Regulated Electric,10796057600.0,5205483008.0,587299968.0,5.05,,,,10047000.0,1664365056.0,-359840736.0,0.41361,0.0583,,17.90495
PNC,"PNC Financial Services Group, I",Financial Services,Banks - Regional,77756612608.0,21009000448.0,5655000064.0,14.15,,,,10892999680.0,5613000192.0,,0.0,0.35276002,,13.891873
POOL,Pool Corporation,Industrials,Industrial Distribution,11354502144.0,5261668864.0,406884992.0,10.68,,,,71644000.0,540968000.0,402759872.0,0.29442,0.07236,,28.279024
PPG,"PPG Industries, Inc.",Basic Materials,Specialty Chemicals,26846603264.0,15680000000.0,1314000000.0,5.64,,,,1903000064.0,1462000000.0,1066750016.0,0.41696,0.13301,,20.971632
PPL,PPL Corporation,Utilities,Utilities - Regulated Electric,24994516992.0,8661999616.0,992000000.0,1.34,,,,312000000.0,2571000064.0,-481124992.0,0.42277,0.27396,,25.231344
PFG,Principal Financial Group Inc,Financial Services,Asset Management,18159472640.0,15770300416.0,1086599936.0,4.67,,,,5214000128.0,4995999744.0,1386312448.0,0.43007,0.01721,,17.344753
PG,Procter & Gamble Company (The),Consumer Defensive,Household & Personal Products,377072353280.0,83926999040.0,15205999616.0,6.3,,,,9116000256.0,18585999360.0,12618874880.0,0.51694,0.23296,,25.52857
PGR,Progressive Corporation (The),Financial Services,Insurance - Property & Casualty,153391366144.0,78507999232.0,8716000256.0,14.82,,,,2790000128.0,16026999808.0,13350724608.0,0.14977999,0.16204001,,17.65587
PLD,"Prologis, Inc.",Real Estate,REIT - Industrial,100234567680.0,8733704192.0,3732992000.0,4.01,,,,671134976.0,5017502208.0,4307161088.0,0.76261,0.39956,,26.937653
PRU,"Prudential Financial, Inc.",Financial Services,Insurance - Life,38615085056.0,60366000128.0,2268999936.0,6.33,,,,38057000960.0,775000000.0,-16394500096.0,0.25792998,0.0683,,17.232227
PEG,Public Service Enterprise Group,Utilities,Utilities - Regulated Electric,40503668736.0,10752000000.0,1828999936.0,3.66,,,,894000000.0,2520999936.0,-973625024.0,0.34208,0.25233,,22.177595
PTC,PTC Inc.,Technology,Software - Application,21108449280.0,2346680064.0,440376992.0,3.64,,,,235168992.0,831651008.0,804437248.0,0.81131,0.35872,,48.34615
PSA,Public Storage,Real Estate,REIT - Industrial,51983716352.0,4738937856.0,1771705984.0,10.07,,,,287176992.0,3167731968.0,2434415872.0,0.72893,0.45470002,,29.42602
PHM,"PulteGroup, Inc.",Consumer Cyclical,Residential Construction,21918697472.0,17890439168.0,2943085056.0,14.16,,,,1239213056.0,1575234944.0,761504256.0,0.28603,0.17322001,,7.723164
PWR,"Quanta Services, Inc.",Industrials,Engineering & Construction,57280401408.0,24874309632.0,930721984.0,6.2,,,,520560992.0,2086439040.0,1378591872.0,0.1496,0.03698,,62.340324
QCOM,QUALCOMM Incorporated,Technology,Semiconductors,178106580992.0,42285998080.0,11015000064.0,9.8,,,,13845999616.0,12839999488.0,8322874880.0,0.55683,0.28418,,16.552042
DGX,Quest Diagnostics Incorporated,Healthcare,Diagnostics & Research,19750463488.0,10158000128.0,892000000.0,7.91,,,,188000000.0,1494000000.0,817625024.0,0.33038,0.13876,,22.366625
RL,Ralph Lauren Corporation,Consumer Cyclical,Apparel Manufacturing,16948930560.0,7079000064.0,742899968.0,11.61,,,,2083000064.0,1235100032.0,816062528.0,0.68553,0.08849,,24.100775
RJF,"Raymond James Financial, Inc.",Financial Services,Asset Management,32280801280.0,13566999552.0,2180000000.0,10.38,,,,15239999488.0,2168000000.0,,0.9327,0.20382,,15.414258
RTX,RTX Corporation,Industrials,Aerospace & Defense,194714697728.0,81738997760.0,4600000000.0,3.41,,,,5157000192.0,8121999872.0,5729124864.0,0.19532,0.118240006,,42.741936
O,Realty Income Corporation,Real Estate,REIT - Retail,52089655296.0,5404987904.0,968012032.0,1.1,,,,319007008.0,3582118912.0,2469820160.0,0.92692,0.45145,,52.436363
REG,Regency Centers Corporation,Real Estate,REIT - Retail,12927883264.0,1522884992.0,386551008.0,2.11,,,,85297000.0,783470976.0,638198656.0,0.71088,0.40598,,33.549767
REGN,"Regeneron Pharmaceuticals, Inc.",Healthcare,Biotechnology,59095719936.0,14085699584.0,4499299840.0,39.33,,,,8349400064.0,3953100032.0,2082887552.0,0.48799,0.19943,,13.91711
RF,Regions Financial Corporation,Financial Services,Banks - Regional,22293463040.0,6661000192.0,1896000000.0,2.07,,,,,2268000000.0,,0.0,0.46976003,,11.980677
RSG,"Republic Services, Inc.",Industrials,Waste Management,75355521024.0,16179000320.0,2084000000.0,6.63,,,,83000000.0,4150000128.0,1919374976.0,0.43136,0.20105,,36.37104
RMD,ResMed Inc.,Healthcare,Medical Instruments & Supplies,37677273088.0,5021529088.0,1313254016.0,8.9,,,,944841984.0,1652935936.0,1202870656.0,0.59368,0.33,,28.87191
RVTY,"Revvity, Inc.",Healthcare,Diagnostics & Research,11941409792.0,2769868032.0,296044000.0,2.42,,,,1137619968.0,608891008.0,742646848.0,0.56247,0.12212,,41.863632
ROK,"Rockwell Automation, Inc.",Industrials,Specialty Industrial Machinery,39120343040.0,7968200192.0,903200000.0,7.95,,,,456000000.0,1273799936.0,1083287552.0,0.39266998,0.17041,,43.656605
ROL,"Rollins, Inc.",Consumer Cyclical,Personal Services,27353419776.0,3462863104.0,477232992.0,0.99,,,,201176992.0,627112000.0,492010496.0,0.52705,0.17343001,,57.010098
ROP,"Roper Technologies, Inc.",Technology,Software - Application,61606096896.0,7241299968.0,1498400000.0,13.87,,,,372800000.0,2390400000.0,2161250048.0,0.68924004,0.27926,,41.312183
ROST,"Ross Stores, Inc.",Consumer Cyclical,Apparel Retail,43026190336.0,21256122368.0,2081988992.0,6.33,,,,3783412992.0,2397782016.0,1145347072.0,0.32784,0.12166,,20.781992
RCL,Royal Caribbean Cruises Ltd.,Consumer Cyclical,Travel Services,90831388672.0,16755999744.0,3247000064.0,12.29,,,,386000000.0,5564000256.0,1198875008.0,0.4957,0.23731,,27.215624
SPGI,S&P Global Inc.,Financial Services,Financial Data & Stock Exchanges,162422390784.0,14494000128.0,3951000064.0,12.72,,,,1468999936.0,5694000128.0,5187999744.0,0.69415003,0.43208998,,41.636005
CRM,"Salesforce, Inc.",Technology,Software - Application,260175396864.0,38591000576.0,6205000192.0,6.38,,,,17408000000.0,13320999936.0,14429875200.0,0.77336997,0.20124,,42.65674
SBAC,SBA Communications Corporation,Real Estate,REIT - Specialty,25134608384.0,2686020096.0,815724992.0,7.56,,,,636446976.0,1341587968.0,455928512.0,0.76794,0.55392,,30.943121
SLB,Schlumberger N.V.,Energy,Oil & Gas Equipment & Services,48161726464.0,36072001536.0,4190000128.0,2.95,,,,3935000064.0,6935000064.0,3030749952.0,0.20501,0.1576,,12.084746
STX,Seagate Technology Holdings PLC,Technology,Computer Hardware,31713708032.0,8540000256.0,1494000000.0,6.94,,,,814000000.0,1009000000.0,190875008.0,0.33793998,0.20879999,,21.533142
SRE,DBA Sempra,Utilities,Utilities - Diversified,48991010816.0,13347000320.0,2921999872.0,4.55,,,,1756000000.0,4537999872.0,-5204125184.0,0.41252998,0.25829,,16.50989
NOW,"ServiceNow, Inc.",Technology,Software - Application,216409604096.0,11468999680.0,1538000000.0,7.37,,,,6597000192.0,4602999808.0,3713125120.0,0.78917,0.14604999,,141.74898
SHW,Sherwin-Williams Company (The),Basic Materials,Specialty Chemicals,88712749056.0,23036899328.0,2680100096.0,10.58,,,,199800000.0,3151000064.0,1882837504.0,0.48718,0.14281,,33.45936
SPG,"Simon Property Group, Inc.",Real Estate,REIT - Retail,62884159488.0,5994220032.0,2049555968.0,6.29,,,,1380007936.0,3868770048.0,1983254400.0,0.8237,0.49396,,26.508745
SWKS,"Skyworks Solutions, Inc.",Technology,Semiconductors,11824159744.0,3952199936.0,412100000.0,2.56,,,,1506599936.0,1536099968.0,1029425024.0,0.4118,0.12264,,30.765627
SJM,The J.M. Smucker Company,Consumer Defensive,Packaged Foods,11103671296.0,8726099968.0,-1230700032.0,-11.57,,,,69900000.0,1210400000.0,600324992.0,0.38893002,0.17856,,
SW,Smurfit WestRock plc,Consumer Cyclical,Packaging & Containers,25072283648.0,25834999808.0,512000000.0,0.82,,,,797000000.0,1676000000.0,-1627874944.0,0.19594,0.07811,,58.57317
SNA,Snap-On Incorporated,Industrials,Tools & Accessories,16818354176.0,5069700096.0,1020899968.0,19.11,,,,1434700032.0,1167299968.0,811625024.0,0.5205,0.25282,,16.830456
SOLV,Solventum Corporation,Healthcare,Medical Instruments & Supplies,13581519872.0,8307999744.0,379000000.0,2.17,,,,534000000.0,772000000.0,1045374976.0,0.54935,0.07729,,36.175114
SO,Southern Company (The),Utilities,Utilities - Regulated Electric,100678385664.0,27853000704.0,4606000128.0,4.17,,,,2327000064.0,9726999552.0,407249984.0,0.49686,0.2782,,21.944843
LUV,Southwest Airlines Company,Industrials,Airlines,19421034496.0,27581999104.0,547000000.0,0.89,,,,8252000256.0,1426000000.0,-837249984.0,0.22173999,-0.025050001,,38.292137
SWK,"Stanley Black & Decker, Inc.",Industrials,Tools & Accessories,11000093696.0,15240800256.0,357200000.0,2.36,,,,344800000.0,1117900032.0,738774976.0,0.29997998,0.06369,,30.12712
SBUX,Starbucks Corporation,Consumer Cyclical,Restaurants,107321622528.0,36347301888.0,3129100032.0,2.75,,,,3011599872.0,5569699840.0,1848912512.0,0.25030002,0.07511,,34.34182
STT,State Street Corporation,Financial Services,Asset Management,31458426880.0,13086000128.0,2662000128.0,8.88,,,,140095995904.0,-9969999872.0,,0.0,0.26773,,12.422297
STLD,"Steel Dynamics, Inc.",Basic Materials,Steel,19780012032.0,17215582208.0,1170243968.0,7.61,,,,1206552960.0,1641889024.0,-482931744.0,0.13408,0.06297,,17.508541
STE,STERIS plc (Ireland),Healthcare,Medical Devices,23368032256.0,5459514880.0,610124032.0,6.17,,,,171700992.0,1148087040.0,1609312256.0,0.44307998,0.19952999,,38.50081
SYK,Stryker Corporation,Healthcare,Medical Devices,151062183936.0,23217999872.0,2859000064.0,7.41,,,,2408999936.0,4288000000.0,3028375040.0,0.64699996,0.19298,,53.34413
SMCI,"Super Micro Computer, Inc.",Technology,Computer Hardware,28981481472.0,21569720320.0,1150944000.0,1.84,,,,2539582976.0,148096992.0,-272670496.0,0.11274,0.03191,,26.391304
SYF,Synchrony Financial,Financial Services,Credit Services,26706896896.0,8705000448.0,2880999936.0,7.3,,,,21628999680.0,9799999488.0,,0.0,0.44185,,9.610959
SNPS,"Synopsys, Inc.",Technology,Software - Infrastructure,85143044096.0,6221316096.0,1350064000.0,8.63,,,,14263911424.0,1226139008.0,1938772352.0,0.81412005,0.23464,,63.585167
SYY,Sysco Corporation,Consumer Defensive,Food Distribution,37413158912.0,80787996672.0,1908999936.0,3.87,,,,1527000064.0,2932999936.0,2215365888.0,0.18346001,0.036530003,,19.943153
TMUS,"T-Mobile US, Inc.",Communication Services,Telecom Services,273359585280.0,82691997696.0,11918000128.0,10.23,,,,12003000320.0,24056000512.0,9022624768.0,0.6385,0.22982,,23.533726
TROW,"T. Rowe Price Group, Inc.",Financial Services,Asset Management,22064648192.0,7107299840.0,1964400000.0,8.81,,,,2836699904.0,1681200000.0,935237504.0,0.52366,0.33806,,11.3677635
TTWO,"Take-Two Interactive Software, ",Communication Services,Electronic Gaming & Multimedia,43912998912.0,5633600000.0,-4478900224.0,-25.58,,,,1465500032.0,-45200000.0,1150724992.0,0.58164,0.02016,,
TPR,"Tapestry, Inc.",Consumer Cyclical,Luxury Goods,18733637632.0,6878600192.0,859600000.0,3.8,,,,1057000000.0,1025800000.0,575350016.0,0.75088,0.17184,,23.736841
TRGP,"Targa Resources, Inc.",Energy,Oil & Gas Midstream,37642043392.0,16380600320.0,1195299968.0,5.42,,,,151400000.0,3727699968.0,-188950000.0,0.34418,0.11911,,32.01476
TGT,Target Corporation,Consumer Defensive,Discount Stores,47281328128.0,105881001984.0,4184999936.0,9.1,,,,2887000064.0,6541000192.0,2960250112.0,0.28070998,0.06278,,11.435164
TEL,TE Connectivity plc,Technology,Electronic Components,51685175296.0,16026000384.0,1390000000.0,4.6,,,,2553999872.0,3579000064.0,1521624960.0,0.34868,0.19358,,37.88913
TDY,Teledyne Technologies Incorpora,Technology,Scientific & Technical Instruments,24271243264.0,5769800192.0,829299968.0,17.48,,,,461500000.0,1143500032.0,876275008.0,0.42885,0.18298,,29.63158
TER,"Teradyne, Inc.",Technology,Semiconductor Equipment & Materials,14928685056.0,2905741056.0,577070976.0,3.53,,,,507776992.0,826534016.0,499388512.0,0.59365004,0.19735001,,26.362606
TSLA,"Tesla, Inc.",Consumer Cyclical,Auto Manufacturers,1015729750016.0,95724003328.0,6106999808.0,1.74,,,,36996001792.0,16837000192.0,3360000000.0,0.17662,0.0255,,181.23564
TXN,Texas Instruments Incorporated,Technology,Semiconductors,196248125440.0,16049000448.0,4848000000.0,5.28,,,,5005000192.0,6150000128.0,-257000000.0,0.58022,0.32465,,40.912876
TPL,Texas Pacific Land Corporation,Energy,Oil & Gas E&P,24733644800.0,727664000.0,460195008.0,19.94,,,,460379008.0,500153984.0,-52545248.0,0.93536,0.76685995,,53.960377
TXT,Textron Inc.,Industrials,Aerospace & Defense,14845723648.0,13873000448.0,831000000.0,4.44,,,,1194000000.0,897000000.0,584625024.0,0.17912,0.08046,,18.520271
TMO,Thermo Fisher Scientific Inc,Healthcare,Diagnostics & Research,162069495808.0,42898001920.0,6513999872.0,17.07,,,,5946999808.0,8138999808.0,5770375168.0,0.41435,0.17754,,25.151142
TJX,"TJX Companies, Inc. (The)",Consumer Cyclical,Apparel Retail,140411928576.0,56991997952.0,4830000128.0,4.25,,,,4255000064.0,5773000192.0,2886874880.0,0.30482998,0.10037,,29.614119
TKO,"TKO Group Holdings, Inc.",Communication Services,Entertainment,14480752640.0,2850693120.0,171656000.0,1.97,,,,470860000.0,701361024.0,399396736.0,0.69767,0.18708,,89.91878
TSCO,Tractor Supply Company,Consumer Cyclical,Specialty Retail,28964990976.0,14955348992.0,1082441984.0,2.01,,,,231716992.0,1380201984.0,498994112.0,0.36316,0.07186,,27.179106
TT,Trane Technologies plc,Industrials,Building Products & Equipment,97545846784.0,20311199744.0,2764699904.0,12.16,,,,860499968.0,3237900032.0,2439650048.0,0.35931,0.16056,,35.969574
TDG,Transdigm Group Incorporated,Industrials,Aerospace & Defense,85541371904.0,8387999744.0,1720000000.0,29.63,,,,2463000064.0,2080000000.0,2083124992.0,0.59764,0.46372002,,51.399933
TRV,"The Travelers Companies, Inc.",Financial Services,Insurance - Property & Casualty,59843670016.0,47004999680.0,4238000128.0,18.37,,,,5114999808.0,8976000000.0,15715749888.0,0.24556999,0.048010003,,14.378334
TRMB,Trimble Inc.,Technology,Scientific & Technical Instruments,18818549760.0,3570599936.0,1513900032.0,6.13,,,,290000000.0,453200000.0,1418562560.0,0.68554,0.12158,,12.867047
TFC,Truist Financial Corporation,Financial Services,Banks - Regional,59636453376.0,11530999808.0,-264000000.0,-0.19,,,,51875000320.0,3900000000.0,,0.0,0.38662,,
TYL,"Tyler Technologies, Inc.",Technology,Software - Application,25444589568.0,2190608896.0,289908000.0,6.65,,,,807403008.0,608952000.0,513009984.0,0.44699,0.15777999,,88.72781
TSN,"Tyson Foods, Inc.",Consumer Defensive,Farm Products,20433582080.0,53615001600.0,914000000.0,2.57,,,,1002000000.0,2259000064.0,1389500032.0,0.07871,0.039389998,,22.319067
USB,U.S. Bancorp,Financial Services,Banks - Regional,74676379648.0,25355999232.0,6303000064.0,4.04,,,,53283000320.0,8327000064.0,,0.0,0.35706002,,11.863862
UBER,"Uber Technologies, Inc.",Technology,Software - Application,195796238336.0,45380001792.0,12286000128.0,5.71,,,,6025999872.0,8045000192.0,5420375040.0,0.33594,0.106479995,,16.397547
UDR,"UDR, Inc.",Real Estate,REIT - Residential,15381436416.0,1705219968.0,118346000.0,0.36,,,,2908000.0,865465024.0,617970624.0,0.66486,0.19489,,113.33333
ULTA,"Ulta Beauty, Inc.",Consumer Cyclical,Specialty Retail,21474557952.0,11418173440.0,1193057024.0,25.55,,,,454628992.0,1399286016.0,875767616.0,0.42713,0.14106,,18.700197
UNP,Union Pacific Corporation,Industrials,Railroads,141171621888.0,24245999616.0,6732000256.0,11.1,,,,1431000064.0,9434000384.0,4643250176.0,0.55716,0.39555,,21.286486
UAL,"United Airlines Holdings, Inc.",Industrials,Airlines,26898857984.0,57736998912.0,3660000000.0,10.99,,,,15329999872.0,10307000320.0,2363875072.0,0.34877,0.040409997,,7.494086
UPS,"United Parcel Service, Inc.",Industrials,Integrated Freight & Logistics,88177074176.0,90909999104.0,5856000000.0,6.85,,,,5064999936.0,9123999744.0,4268624896.0,0.21378,0.08322,,15.20146
URI,"United Rentals, Inc.",Industrials,Rental & Leasing Services,51511705600.0,15578999808.0,2551000064.0,38.52,,,,542000000.0,4942000128.0,2394249984.0,0.39905998,0.21941,,20.573729
UNH,UnitedHealth Group Incorporated,Healthcare,Healthcare Plans,279898030080.0,410057015296.0,22105999360.0,23.9,,,,34290999296.0,28515999744.0,20096374784.0,0.21989,0.08322,,12.910042
UHS,"Universal Health Services, Inc.",Healthcare,Medical Care Facilities,11891186688.0,16084073472.0,1196937984.0,17.8,,,,126753000.0,2030743040.0,849583872.0,0.42712003,0.11094,,10.366855
VLO,Valero Energy Corporation,Energy,Oil & Gas Refining & Marketing,45283328000.0,122355998720.0,924000000.0,2.93,,,,4633999872.0,5789000192.0,4169374976.0,0.049489997,0.0086900005,,49.34471
VTR,"Ventas, Inc.",Real Estate,REIT - Healthcare Facilities,28405092352.0,5055948800.0,142332992.0,0.33,,,,182335008.0,1384321024.0,869675776.0,0.42178002,0.14152999,,190.69696
VLTO,Veralto Corp,Industrials,Pollution & Treatment Controls,25715578880.0,5279000064.0,874000000.0,3.5,,,,1239000064.0,917000000.0,773750016.0,0.59916997,0.24174,,29.642857
VRSN,"VeriSign, Inc.",Technology,Software - Infrastructure,26885447680.0,1575399936.0,790899968.0,8.18,,,,648499968.0,936600000.0,760762496.0,0.87832,0.67412,,35.002445
VRSK,"Verisk Analytics, Inc.",Industrials,Consulting Services,42533130240.0,2930700032.0,964099968.0,6.78,,,,1113200000.0,1216499968.0,833550016.0,0.69151,0.43944,,44.846607
VZ,Verizon Communications Inc.,Communication Services,Telecom Services,183617683456.0,135292002304.0,17782999040.0,4.2,,,,2284000000.0,37610000384.0,17040874496.0,0.60018003,0.24674,,10.369048
VRTX,Vertex Pharmaceuticals Incorpor,Healthcare,Biotechnology,118029033472.0,11099700224.0,-988899968.0,-3.84,,,,6201200128.0,-980300032.0,2634387456.0,0.53091,0.37221,,
VTRS,Viatris Inc.,Healthcare,Drug Manufacturers - Specialty & Generic,10938697728.0,14330200064.0,-3790099968.0,-3.18,,,,1002200000.0,2223800064.0,6115174912.0,0.40688,0.05672,,
VICI,VICI Properties Inc.,Real Estate,REIT - Diversified,35325816832.0,3881927936.0,2632400896.0,2.5,,,,334316992.0,2429617920.0,1063830016.0,0.992,0.76761,,13.372
V,Visa Inc.,Financial Services,Credit Services,701033021440.0,37620998144.0,19641999360.0,9.95,,,,13751000064.0,21888999424.0,14747499520.0,0.9777,0.67073,,36.06633
VST,Vistra Corp.,Utilities,Utilities - Independent Power Producers,65219608576.0,18102999040.0,2233999872.0,6.3,,,,589000000.0,4849999872.0,2785625088.0,0.41307998,-0.03051,,30.507935
VMC,Vulcan Materials Company (Holdi,Basic Materials,Building Materials,35171368960.0,7506599936.0,944899968.0,7.12,,,,181300000.0,1487699968.0,859037504.0,0.27443,0.13317999,,37.393257
WRB,W.R. Berkley Corporation,Financial Services,Insurance - Property & Casualty,27120158720.0,13929377792.0,1731214976.0,4.31,,,,2551913984.0,3675950080.0,3696998400.0,0.43358,0.16624,,16.587008
GWW,"W.W. Grainger, Inc.",Industrials,Industrial Distribution,50464698368.0,17238999040.0,1910000000.0,38.93,,,,666000000.0,2096000000.0,1247750016.0,0.39445,0.15606,,26.984074
WAB,Westinghouse Air Brake Technolo,Industrials,Railroads,36684279808.0,10499999744.0,1103000064.0,6.4,,,,690000000.0,1691000064.0,1158499968.0,0.3319,0.18927,,33.49531
WBA,"Walgreens Boots Alliance, Inc.",Healthcare,Pharmaceutical Retailers,9927985152.0,154580992000.0,-6297999872.0,-7.29,,,,830000000.0,1576999936.0,4522250240.0,0.17126,0.0074400003,,
WMT,Walmart Inc.,Consumer Defensive,Discount Stores,784954097664.0,685086015488.0,18819000320.0,2.34,,,,9310999552.0,37604999168.0,9960500224.0,0.24882,0.043080002,,42.03419
DIS,Walt Disney Company (The),Communication Services,Entertainment,222920998912.0,94039998464.0,8910000128.0,4.89,,,,5852000256.0,18077999104.0,9386999808.0,0.37096,0.15118,,25.357874
WBD,"Warner Bros. Discovery, Inc. - ",Communication Services,Entertainment,27759067136.0,38342000640.0,-10798000128.0,-4.4,,,,3904000000.0,5343000064.0,19488999424.0,0.43297002,0.02461,,
WM,"Waste Management, Inc.",Industrials,Waste Management,91386855424.0,22922000384.0,2675000064.0,6.63,,,,216000000.0,5231000064.0,1166375040.0,0.39403,0.17082001,,34.253395
WAT,Waters Corporation,Healthcare,Diagnostics & Research,20841277440.0,2983252992.0,657019008.0,11.02,,,,382872000.0,758806016.0,588827520.0,0.59266996,0.22931999,,31.780397
WEC,"WEC Energy Group, Inc.",Utilities,Utilities - Regulated Electric,33298442240.0,9069200384.0,1629100032.0,5.13,,,,82200000.0,3510799872.0,-755025024.0,0.43501,0.30144,,20.33918
WFC,Wells Fargo & Company,Financial Services,Banks - Diversified,272049455104.0,77254000640.0,18908999680.0,5.56,,,,382282989568.0,4123000064.0,,0.0,0.27715,,15.035971
WELL,Welltower Inc.,Real Estate,REIT - Healthcare Facilities,99904249856.0,8554464256.0,1082491008.0,1.76,,,,3501850880.0,2448572928.0,2852324608.0,0.39180002,0.17048,,86.80114
WST,"West Pharmaceutical Services, I",Healthcare,Medical Instruments & Supplies,15968358400.0,2895800064.0,467200000.0,6.37,,,,404200000.0,664600000.0,233512496.0,0.3454,0.18438,,34.891678
WDC,Western Digital Corporation,Technology,Computer Hardware,23053860864.0,15605000192.0,1062000000.0,2.92,,,,,1311000064.0,1406375040.0,0.28561002,0.15403,,22.630136
WY,Weyerhaeuser Company,Real Estate,REIT - Specialty,19168966656.0,7090999808.0,365000000.0,0.49,,,,560000000.0,954000000.0,483500000.0,0.18234,0.09189,,53.938774
WSM,"Williams-Sonoma, Inc.",Consumer Cyclical,Specialty Retail,21302024192.0,7781305856.0,1096098048.0,8.64,,,,1047180992.0,1252382976.0,835529152.0,0.4566,0.16803,,20.04514
WMB,"Williams Companies, Inc. (The)",Energy,Oil & Gas Midstream,71600029696.0,11082999808.0,2280999936.0,1.86,,,,100000000.0,5173000192.0,803500032.0,0.59939,0.35627,,31.52688
WTW,Willis Towers Watson Public Lim,Financial Services,Insurance Brokers,30403295232.0,9811999744.0,-53000000.0,-0.46,,,,1536999936.0,1452999936.0,688875008.0,0.44762,0.16059,,
WDAY,"Workday, Inc.",Technology,Software - Application,64452247552.0,8696000512.0,487000000.0,1.81,,,,7969999872.0,2545999872.0,2373750016.0,0.75655,0.091520004,,133.56906
WYNN,"Wynn Resorts, Limited",Consumer Cyclical,Resorts & Casinos,11044038656.0,6965449216.0,429608992.0,3.74,,,,2070086016.0,1244882944.0,494949632.0,0.68531,0.16419001,,28.243315
XEL,Xcel Energy Inc.,Utilities,Utilities - Regulated Electric,39329337344.0,13697999872.0,1931000064.0,3.4,,,,1139000064.0,4618999808.0,-3678500096.0,0.44152,0.17435,,20.055883
XYL,Xylem Inc.,Industrials,Specialty Industrial Machinery,32190470144.0,8597999616.0,906000000.0,3.71,,,,1059000000.0,1207000064.0,985500032.0,0.37544,0.121309996,,35.654987
YUM,"Yum! Brands, Inc.",Consumer Cyclical,Restaurants,41694748672.0,7737999872.0,1424999936.0,5.02,,,,607000000.0,1730000000.0,1278625024.0,0.46795,0.32121,,29.880478
ZBRA,Zebra Technologies Corporation,Technology,Communication Equipment,16462554112.0,5113999872.0,549000000.0,10.57,,,,879000000.0,1066000000.0,888625024.0,0.48788,0.15138,,30.626303
ZBH,"Zimmer Biomet Holdings, Inc.",Healthcare,Medical Devices,18532421632.0,7698500096.0,913400000.0,4.5,,,,1384499968.0,1654200064.0,1321200000.0,0.71199995,0.17851,,20.815556
ZTS,Zoetis Inc.,Healthcare,Drug Manufacturers - Specialty & Generic,70868205568.0,9285999616.0,2518000128.0,5.57,,,,1740999936.0,2944999936.0,2299624960.0,0.70956004,0.38108003,,28.578094
